,id_site,date_obs,localisation_lat,localisation_long,diversite,degres d'artificialisation,pollution acide,pollution azote,Amandinea punctata/Lecidella elaeochroma,Anaptychia ciliaris,Autre lichen crustacé,Autre lichen foliacé,Autre lichen fruticuleux,Candelaria concolor,Candelariella sp.,Diploicia canescens,Evernia prunastri,Flavoparmelia caperata/soredians,Hyperphyscia adglutinata,Hypogymnia physodes/tubulosa,Hypotrachyna afrorevoluta/revoluta,Lecanora sp.,Lichen crustacé à aspect poudreux,Lichens crustace à lirelles,Melanelixia glabratula/Melanohalea exasperatula,Melanohalea exasperata,Parmelia saxatilis,Parmelia sulcata,Parmelina tiliacea/pastillifera,Parmotrema perlatum/reticulatum,Pertusaria pertusa,Phaeophyscia orbicularis,Physcia adscendens/tenella,Physcia aipolia/stellaris,Physcia leptalea,Physconia distorta,Physconia grisea,Pleurosticta acetabulum,Polycauliona polycarpa,Pseudevernia furfuracea,Punctelia sp.,Ramalina farinacea,Ramalina fastigiata,Ramalina fraxinea,Usnea sp.,Xanthoria parietina
0,408,2022-11-16,43.09621333,5.815446667,2,100.0,0.0,0.0,0.0,0.0,0.0,0.0,0.0,3.0,0.0,0.0,0.0,0.0,0.0,0.0,0.0,0.0,0.0,0.0,0.0,0.0,0.0,0.0,0.0,0.0,0.0,0.0,0.0,0.0,0.0,0.0,0.0,0.0,0.0,0.0,0.0,0.0,0.0,0.0,0.0,3.0
1,409,2021-04-21,44.62298333,-1.13751,5,28.28,18.18,18.18,0.0,0.0,0.0,0.0,0.0,3.0,0.0,0.0,0.0,3.0,0.0,0.0,3.0,0.0,3.0,0.0,0.0,0.0,0.0,0.0,0.0,0.0,0.0,0.0,0.0,0.0,0.0,0.0,0.0,0.0,0.0,0.0,0.0,3.0,0.0,0.0,0.0,0.0
2,410,2022-02-12,45.09606,3.499086667,18,75.87,20.98,20.98,3.0,0.0,0.0,6.0,0.0,3.0,0.0,0.0,3.0,3.0,0.0,0.0,0.0,3.0,0.0,0.0,3.0,0.0,0.0,3.0,0.0,0.0,0.0,3.0,3.0,3.0,3.0,3.0,3.0,3.0,0.0,0.0,3.0,0.0,0.0,0.0,0.0,3.0
3,411,2021-10-23,45.70144667,4.792333333,12,77.78,21.37,21.37,0.0,0.0,0.0,0.0,0.0,0.0,3.0,0.0,3.0,3.0,3.0,3.0,0.0,3.0,0.0,0.0,3.0,0.0,0.0,3.0,3.0,0.0,0.0,0.0,0.0,0.0,0.0,3.0,3.0,0.0,0.0,0.0,3.0,0.0,0.0,0.0,0.0,0.0
4,412,2022-09-16,45.72219667,3.079663333,20,61.71,29.71,29.71,0.0,0.0,0.0,6.0,0.0,3.0,3.0,0.0,3.0,3.0,0.0,3.0,0.0,3.0,0.0,0.0,3.0,3.0,0.0,3.0,3.0,0.0,0.0,3.0,3.0,3.0,0.0,3.0,3.0,3.0,0.0,0.0,3.0,0.0,0.0,0.0,0.0,3.0
5,413,2022-08-29,45.72647333,3.091183333,12,59.71,1.44,1.44,0.0,0.0,0.0,6.0,0.0,3.0,0.0,0.0,3.0,0.0,0.0,0.0,0.0,3.0,0.0,0.0,3.0,0.0,0.0,0.0,0.0,0.0,0.0,3.0,3.0,3.0,0.0,0.0,0.0,3.0,0.0,0.0,0.0,0.0,0.0,3.0,0.0,3.0
6,414,2022-02-03,45.73061,3.101326667,11,54.19,0.0,0.0,3.0,0.0,0.0,6.0,0.0,3.0,0.0,0.0,0.0,0.0,3.0,0.0,0.0,3.0,0.0,0.0,3.0,0.0,0.0,0.0,0.0,0.0,0.0,3.0,3.0,0.0,0.0,0.0,3.0,3.0,0.0,0.0,0.0,0.0,0.0,0.0,0.0,0.0
7,415,2022-05-30,45.73129333,3.097013333,15,52.9,1.29,1.29,0.0,0.0,0.0,6.0,0.0,0.0,0.0,0.0,3.0,3.0,0.0,0.0,0.0,3.0,0.0,0.0,0.0,3.0,0.0,3.0,3.0,0.0,0.0,3.0,3.0,3.0,0.0,0.0,3.0,3.0,0.0,0.0,3.0,0.0,0.0,0.0,0.0,3.0
8,416,2022-02-10,45.73127,3.1046,8,59.5,0.0,0.0,0.0,0.0,0.0,6.0,0.0,3.0,0.0,0.0,0.0,0.0,0.0,0.0,0.0,0.0,0.0,0.0,3.0,0.0,0.0,0.0,0.0,0.0,0.0,3.0,0.0,0.0,0.0,0.0,3.0,3.0,0.0,0.0,0.0,0.0,0.0,0.0,0.0,3.0
9,417,2021-12-17,45.73242,3.10126,13,54.84,1.38,1.38,0.0,0.0,0.0,6.0,0.0,3.0,0.0,0.0,0.0,0.0,3.0,0.0,0.0,3.0,0.0,0.0,3.0,0.0,0.0,3.0,0.0,0.0,0.0,3.0,3.0,0.0,0.0,0.0,3.0,3.0,0.0,0.0,3.0,0.0,0.0,0.0,0.0,3.0
10,418,2021-12-06,45.73377,3.102933333,15,60.42,1.67,1.67,0.0,0.0,0.0,6.0,0.0,3.0,0.0,0.0,0.0,3.0,3.0,0.0,0.0,3.0,0.0,0.0,0.0,3.0,0.0,3.0,0.0,0.0,0.0,3.0,3.0,3.0,0.0,0.0,3.0,3.0,0.0,0.0,3.0,0.0,0.0,0.0,0.0,3.0
11,419,2022-03-08,45.73410333,3.097646667,18,77.68,21.43,21.43,3.0,0.0,0.0,6.0,0.0,3.0,0.0,0.0,3.0,3.0,0.0,3.0,0.0,3.0,0.0,0.0,3.0,3.0,0.0,3.0,0.0,0.0,0.0,3.0,3.0,3.0,0.0,3.0,3.0,0.0,0.0,0.0,3.0,0.0,0.0,0.0,0.0,3.0
12,420,2021-10-22,45.73418333,3.102676667,10,91.32,0.0,0.0,3.0,0.0,0.0,6.0,0.0,3.0,3.0,0.0,0.0,0.0,3.0,0.0,0.0,3.0,0.0,0.0,0.0,0.0,0.0,0.0,0.0,0.0,0.0,3.0,3.0,0.0,0.0,0.0,0.0,0.0,0.0,0.0,0.0,0.0,0.0,0.0,0.0,3.0
13,421,2022-03-28,45.73466,3.09638,13,57.55,0.94,0.94,3.0,0.0,0.0,6.0,0.0,3.0,0.0,0.0,0.0,0.0,0.0,0.0,0.0,3.0,3.0,0.0,0.0,0.0,0.0,3.0,0.0,0.0,0.0,3.0,3.0,3.0,0.0,0.0,3.0,0.0,0.0,0.0,3.0,0.0,0.0,0.0,0.0,3.0
14,422,2022-03-03,45.73615667,3.105113333,20,70.98,6.27,6.27,3.0,0.0,0.0,6.0,0.0,3.0,3.0,0.0,3.0,0.0,3.0,0.0,0.0,3.0,0.0,0.0,3.0,3.0,0.0,3.0,3.0,0.0,0.0,3.0,3.0,3.0,0.0,3.0,3.0,3.0,0.0,0.0,3.0,0.0,0.0,0.0,0.0,3.0
15,423,2022-02-15,45.73666667,3.103426667,18,54.28,13.49,13.49,0.0,0.0,0.0,9.0,0.0,3.0,0.0,0.0,3.0,3.0,0.0,0.0,0.0,3.0,0.0,0.0,3.0,3.0,0.0,3.0,3.0,0.0,0.0,3.0,3.0,3.0,0.0,3.0,3.0,3.0,0.0,0.0,0.0,0.0,0.0,0.0,0.0,3.0
16,424,2022-02-22,45.73674333,3.102743333,19,60.47,2.71,2.71,3.0,0.0,0.0,9.0,0.0,3.0,0.0,0.0,0.0,3.0,3.0,0.0,0.0,3.0,0.0,0.0,3.0,3.0,0.0,3.0,0.0,0.0,0.0,3.0,3.0,3.0,0.0,3.0,3.0,3.0,0.0,0.0,3.0,0.0,0.0,0.0,0.0,3.0
17,425,2021-10-27,45.73748333,3.16887,8,95.0,0.0,0.0,0.0,0.0,0.0,3.0,0.0,3.0,3.0,0.0,0.0,0.0,3.0,0.0,0.0,3.0,0.0,0.0,0.0,0.0,0.0,0.0,0.0,0.0,0.0,3.0,3.0,0.0,0.0,0.0,0.0,0.0,0.0,0.0,0.0,0.0,0.0,0.0,0.0,3.0
18,426,2022-10-08,45.73904667,3.220423333,15,74.73,1.61,1.61,3.0,0.0,0.0,6.0,0.0,3.0,0.0,0.0,3.0,3.0,0.0,0.0,0.0,3.0,0.0,0.0,0.0,0.0,0.0,0.0,0.0,0.0,0.0,3.0,3.0,3.0,0.0,3.0,3.0,3.0,0.0,0.0,3.0,0.0,0.0,0.0,0.0,3.0
19,427,2021-10-07,45.74007,3.060716667,17,66.93,9.06,9.06,3.0,0.0,0.0,3.0,0.0,3.0,0.0,0.0,3.0,0.0,0.0,0.0,0.0,3.0,0.0,0.0,3.0,3.0,0.0,3.0,0.0,0.0,0.0,3.0,3.0,3.0,0.0,3.0,3.0,3.0,0.0,0.0,3.0,0.0,0.0,3.0,0.0,3.0
20,428,2021-09-27,45.7402,3.060336667,18,72.07,34.64,34.64,0.0,0.0,0.0,3.0,0.0,0.0,3.0,0.0,3.0,0.0,3.0,3.0,0.0,3.0,0.0,0.0,3.0,3.0,0.0,3.0,0.0,0.0,0.0,3.0,3.0,3.0,0.0,3.0,0.0,3.0,0.0,3.0,3.0,0.0,0.0,3.0,0.0,3.0
21,429,2019-12-19,45.74333667,3.081323333,17,72.0,31.5,31.5,3.0,0.0,0.0,3.0,0.0,3.0,0.0,0.0,3.0,3.0,0.0,0.0,0.0,0.0,3.0,0.0,0.0,3.0,0.0,3.0,3.0,0.0,0.0,3.0,3.0,3.0,0.0,3.0,3.0,3.0,0.0,0.0,3.0,0.0,0.0,0.0,0.0,3.0
22,430,2022-09-05,45.74433667,3.085673333,12,85.03,10.16,10.16,0.0,0.0,0.0,3.0,0.0,3.0,0.0,0.0,3.0,3.0,0.0,0.0,0.0,3.0,0.0,0.0,3.0,0.0,0.0,3.0,0.0,0.0,0.0,3.0,3.0,3.0,0.0,0.0,0.0,3.0,0.0,0.0,0.0,0.0,0.0,0.0,0.0,3.0
23,431,2019-12-26,45.74633667,3.079013333,14,78.35,17.18,17.18,0.0,0.0,0.0,3.0,0.0,0.0,0.0,0.0,3.0,3.0,0.0,3.0,0.0,0.0,0.0,0.0,0.0,3.0,0.0,3.0,3.0,0.0,0.0,3.0,3.0,3.0,0.0,3.0,3.0,3.0,0.0,0.0,0.0,0.0,0.0,0.0,0.0,3.0
24,432,2022-11-05,45.74698333,3.21632,11,97.35,0.44,0.44,3.0,0.0,0.0,0.0,0.0,3.0,0.0,0.0,3.0,3.0,3.0,0.0,0.0,3.0,0.0,0.0,0.0,0.0,0.0,0.0,0.0,0.0,0.0,3.0,3.0,3.0,0.0,0.0,0.0,0.0,0.0,0.0,3.0,0.0,0.0,0.0,0.0,3.0
25,433,2020-09-24,45.74727333,3.08941,9,79.28,4.5,4.5,0.0,0.0,0.0,3.0,0.0,3.0,3.0,0.0,0.0,0.0,3.0,0.0,0.0,0.0,3.0,0.0,0.0,0.0,0.0,0.0,0.0,0.0,0.0,3.0,3.0,0.0,0.0,0.0,3.0,0.0,0.0,0.0,0.0,0.0,0.0,0.0,0.0,3.0
26,434,2020-01-29,45.74796,3.08277,9,89.35,0.0,0.0,0.0,0.0,0.0,3.0,0.0,0.0,0.0,0.0,0.0,0.0,0.0,0.0,0.0,0.0,0.0,0.0,0.0,0.0,0.0,0.0,0.0,0.0,0.0,3.0,3.0,3.0,0.0,3.0,3.0,3.0,0.0,0.0,3.0,0.0,0.0,0.0,0.0,3.0
27,435,2022-05-16,45.74805667,3.06801,22,81.75,15.97,15.97,3.0,0.0,0.0,6.0,0.0,3.0,3.0,0.0,3.0,3.0,3.0,0.0,0.0,3.0,3.0,0.0,3.0,3.0,0.0,3.0,3.0,0.0,0.0,3.0,3.0,3.0,0.0,3.0,0.0,3.0,0.0,0.0,3.0,0.0,0.0,3.0,0.0,3.0
28,436,2020-09-17,45.74849333,3.090246667,8,99.39,0.0,0.0,0.0,0.0,0.0,3.0,0.0,3.0,0.0,0.0,0.0,0.0,3.0,3.0,0.0,0.0,0.0,0.0,0.0,0.0,0.0,0.0,0.0,0.0,0.0,3.0,3.0,0.0,0.0,0.0,3.0,0.0,0.0,0.0,0.0,0.0,0.0,0.0,0.0,3.0
29,437,2020-02-07,45.74859333,3.08405,6,80.0,0.0,0.0,0.0,0.0,0.0,3.0,0.0,0.0,0.0,0.0,0.0,0.0,0.0,0.0,0.0,0.0,0.0,0.0,0.0,0.0,0.0,0.0,0.0,0.0,0.0,3.0,3.0,0.0,0.0,3.0,0.0,3.0,0.0,0.0,0.0,0.0,0.0,0.0,0.0,3.0
30,438,2020-03-13,45.74867667,3.093026667,15,86.23,4.35,4.35,3.0,0.0,0.0,3.0,0.0,3.0,0.0,0.0,3.0,3.0,0.0,0.0,0.0,3.0,0.0,0.0,0.0,3.0,0.0,3.0,0.0,0.0,0.0,3.0,3.0,3.0,3.0,0.0,3.0,3.0,0.0,0.0,0.0,0.0,0.0,0.0,0.0,3.0
31,439,2021-05-20,45.74931,3.09927,4,100.0,0.0,0.0,0.0,0.0,0.0,0.0,0.0,0.0,0.0,0.0,0.0,0.0,0.0,0.0,0.0,0.0,0.0,0.0,0.0,0.0,0.0,0.0,0.0,0.0,0.0,3.0,3.0,0.0,0.0,0.0,3.0,0.0,0.0,0.0,0.0,0.0,0.0,0.0,0.0,3.0
32,440,2021-07-16,45.74927333,3.09027,15,69.61,14.22,14.22,3.0,0.0,0.0,3.0,0.0,0.0,0.0,0.0,3.0,3.0,3.0,3.0,0.0,3.0,0.0,0.0,3.0,0.0,0.0,3.0,0.0,0.0,0.0,3.0,3.0,3.0,0.0,0.0,3.0,3.0,0.0,0.0,0.0,0.0,0.0,0.0,0.0,3.0
33,441,2021-06-22,45.74929667,3.088476667,14,82.2,5.93,5.93,3.0,0.0,0.0,6.0,0.0,3.0,0.0,0.0,3.0,0.0,0.0,0.0,0.0,3.0,0.0,0.0,0.0,0.0,0.0,3.0,0.0,0.0,0.0,3.0,3.0,3.0,0.0,3.0,3.0,3.0,0.0,0.0,0.0,0.0,0.0,0.0,0.0,3.0
34,442,2021-05-20,45.74941,3.098766667,4,100.0,0.0,0.0,0.0,0.0,0.0,0.0,0.0,0.0,0.0,0.0,0.0,0.0,0.0,0.0,0.0,0.0,0.0,0.0,0.0,0.0,0.0,0.0,0.0,0.0,0.0,3.0,3.0,0.0,0.0,0.0,3.0,0.0,0.0,0.0,0.0,0.0,0.0,0.0,0.0,3.0
35,443,2022-06-29,45.74961667,3.07199,8,51.69,0.0,0.0,0.0,0.0,0.0,6.0,0.0,3.0,0.0,0.0,0.0,0.0,0.0,0.0,0.0,0.0,0.0,0.0,0.0,0.0,0.0,0.0,0.0,0.0,0.0,3.0,3.0,0.0,0.0,0.0,3.0,3.0,0.0,0.0,0.0,0.0,0.0,0.0,0.0,3.0
36,444,2021-11-30,45.74969333,3.096843333,12,67.11,0.88,0.88,0.0,0.0,0.0,6.0,0.0,3.0,0.0,0.0,3.0,0.0,0.0,0.0,0.0,0.0,0.0,0.0,0.0,0.0,0.0,0.0,3.0,0.0,0.0,3.0,3.0,3.0,0.0,3.0,0.0,3.0,0.0,0.0,3.0,0.0,0.0,0.0,0.0,3.0
37,445,2022-06-20,45.74971,3.068726667,22,72.51,41.52,41.52,3.0,0.0,0.0,9.0,0.0,3.0,3.0,0.0,3.0,3.0,0.0,3.0,0.0,3.0,0.0,0.0,3.0,3.0,0.0,3.0,3.0,0.0,0.0,3.0,3.0,3.0,0.0,3.0,0.0,3.0,0.0,3.0,3.0,0.0,0.0,3.0,0.0,0.0
38,446,2021-11-18,45.74976,3.09636,13,76.0,0.4,0.4,0.0,0.0,0.0,6.0,0.0,3.0,0.0,0.0,0.0,0.0,3.0,0.0,0.0,3.0,0.0,0.0,0.0,3.0,0.0,3.0,0.0,0.0,0.0,3.0,3.0,3.0,0.0,3.0,0.0,3.0,0.0,0.0,0.0,0.0,0.0,0.0,0.0,3.0
39,447,2022-06-13,45.74999333,3.06914,10,71.33,0.0,0.0,0.0,0.0,0.0,6.0,0.0,0.0,3.0,0.0,0.0,0.0,0.0,0.0,0.0,3.0,0.0,0.0,0.0,0.0,0.0,0.0,3.0,0.0,0.0,3.0,3.0,3.0,0.0,0.0,0.0,3.0,0.0,0.0,0.0,0.0,0.0,0.0,0.0,3.0
40,448,2021-10-30,45.75067333,3.096893333,12,73.47,6.12,6.12,0.0,0.0,0.0,3.0,0.0,0.0,0.0,0.0,3.0,3.0,0.0,0.0,0.0,3.0,0.0,0.0,0.0,0.0,0.0,3.0,0.0,0.0,0.0,3.0,3.0,3.0,0.0,0.0,3.0,3.0,0.0,0.0,3.0,0.0,0.0,0.0,0.0,3.0
41,449,2022-07-06,45.75134333,3.09829,12,64.59,2.39,2.39,0.0,0.0,0.0,6.0,0.0,0.0,0.0,0.0,0.0,0.0,3.0,0.0,0.0,3.0,0.0,0.0,0.0,3.0,0.0,3.0,3.0,0.0,0.0,3.0,3.0,3.0,0.0,3.0,0.0,0.0,0.0,0.0,0.0,0.0,0.0,0.0,0.0,3.0
42,450,2020-03-03,45.75210333,3.09651,12,80.66,14.62,14.62,0.0,0.0,0.0,3.0,0.0,3.0,0.0,0.0,3.0,3.0,0.0,0.0,0.0,0.0,0.0,0.0,3.0,0.0,0.0,3.0,0.0,0.0,0.0,3.0,3.0,3.0,0.0,3.0,3.0,3.0,0.0,0.0,0.0,0.0,0.0,0.0,0.0,0.0
43,451,2021-10-14,45.75298667,3.117153333,14,81.93,0.0,0.0,3.0,0.0,0.0,6.0,0.0,3.0,3.0,0.0,0.0,3.0,3.0,0.0,0.0,3.0,0.0,0.0,0.0,0.0,0.0,0.0,0.0,0.0,0.0,3.0,3.0,3.0,0.0,3.0,0.0,3.0,0.0,0.0,0.0,0.0,0.0,0.0,0.0,3.0
44,452,2020-10-22,45.75341,3.088793333,12,55.0,0.5,0.5,0.0,0.0,0.0,6.0,0.0,3.0,0.0,0.0,0.0,0.0,0.0,0.0,0.0,0.0,0.0,0.0,3.0,0.0,0.0,3.0,0.0,0.0,0.0,3.0,3.0,3.0,0.0,0.0,3.0,3.0,0.0,0.0,3.0,0.0,0.0,0.0,0.0,3.0
45,453,2022-04-14,45.75346333,3.093946667,17,61.57,0.78,0.78,0.0,0.0,0.0,6.0,0.0,3.0,3.0,0.0,3.0,3.0,3.0,0.0,0.0,3.0,0.0,0.0,0.0,0.0,0.0,3.0,0.0,0.0,0.0,3.0,3.0,3.0,0.0,3.0,3.0,3.0,0.0,0.0,3.0,0.0,0.0,0.0,0.0,3.0
46,454,2021-08-03,45.75358,3.13048,10,94.64,0.0,0.0,3.0,0.0,0.0,3.0,0.0,3.0,0.0,0.0,0.0,3.0,3.0,0.0,0.0,0.0,0.0,0.0,0.0,3.0,0.0,0.0,0.0,0.0,0.0,3.0,3.0,0.0,0.0,0.0,0.0,3.0,0.0,0.0,0.0,0.0,0.0,0.0,0.0,3.0
47,455,2022-10-13,45.75424667,3.116243333,4,41.51,0.0,0.0,0.0,0.0,0.0,6.0,0.0,0.0,0.0,0.0,0.0,0.0,3.0,0.0,0.0,0.0,0.0,0.0,0.0,0.0,0.0,0.0,0.0,0.0,0.0,0.0,0.0,0.0,0.0,0.0,3.0,0.0,0.0,0.0,0.0,0.0,0.0,0.0,0.0,0.0
48,456,2020-10-29,45.75470333,3.09723,16,64.57,0.45,0.45,0.0,0.0,0.0,6.0,0.0,3.0,0.0,0.0,0.0,3.0,3.0,0.0,0.0,3.0,0.0,0.0,3.0,3.0,0.0,3.0,0.0,0.0,0.0,3.0,3.0,0.0,0.0,3.0,3.0,3.0,0.0,0.0,3.0,0.0,0.0,0.0,0.0,3.0
49,457,2020-10-15,45.75533,3.099823333,16,63.25,0.6,0.6,3.0,0.0,0.0,12.0,0.0,3.0,0.0,0.0,0.0,0.0,3.0,0.0,0.0,3.0,0.0,0.0,0.0,0.0,0.0,3.0,0.0,0.0,0.0,3.0,3.0,3.0,0.0,3.0,3.0,3.0,0.0,0.0,0.0,0.0,0.0,0.0,0.0,3.0
50,458,2020-10-01,45.75687333,3.100733333,12,58.47,0.0,0.0,3.0,0.0,0.0,6.0,0.0,3.0,3.0,0.0,0.0,0.0,0.0,0.0,0.0,3.0,0.0,0.0,0.0,3.0,0.0,0.0,0.0,0.0,0.0,3.0,3.0,0.0,0.0,0.0,3.0,3.0,0.0,0.0,0.0,0.0,0.0,0.0,0.0,3.0
51,459,2022-07-21,45.75734333,3.113773333,9,83.57,0.0,0.0,0.0,0.0,0.0,6.0,0.0,0.0,0.0,0.0,0.0,3.0,3.0,0.0,0.0,0.0,0.0,0.0,0.0,0.0,0.0,0.0,0.0,0.0,0.0,3.0,3.0,3.0,0.0,0.0,0.0,3.0,0.0,0.0,0.0,0.0,0.0,0.0,0.0,3.0
52,460,2022-05-13,45.75768333,3.11533,17,82.61,18.26,18.26,0.0,0.0,0.0,3.0,0.0,3.0,3.0,0.0,3.0,3.0,0.0,3.0,0.0,3.0,3.0,0.0,3.0,0.0,0.0,3.0,3.0,0.0,0.0,3.0,3.0,3.0,0.0,3.0,0.0,3.0,0.0,0.0,3.0,0.0,0.0,0.0,0.0,0.0
53,461,2020-10-08,45.75772667,3.101193333,18,77.05,2.87,2.87,0.0,0.0,0.0,6.0,0.0,3.0,0.0,0.0,3.0,3.0,3.0,0.0,0.0,3.0,0.0,0.0,3.0,3.0,0.0,3.0,3.0,0.0,0.0,3.0,3.0,3.0,0.0,0.0,3.0,3.0,0.0,0.0,3.0,0.0,0.0,0.0,0.0,3.0
54,462,2020-09-03,45.75900667,3.11017,12,66.22,5.41,5.41,3.0,0.0,0.0,3.0,0.0,0.0,0.0,0.0,0.0,0.0,3.0,0.0,0.0,3.0,3.0,0.0,0.0,3.0,0.0,0.0,0.0,0.0,0.0,3.0,3.0,3.0,0.0,0.0,3.0,3.0,0.0,0.0,0.0,0.0,0.0,0.0,0.0,3.0
55,463,2020-07-07,45.75989667,3.10903,5,100.0,0.0,0.0,0.0,0.0,0.0,0.0,0.0,0.0,0.0,0.0,0.0,0.0,0.0,0.0,0.0,3.0,0.0,0.0,3.0,0.0,0.0,0.0,0.0,0.0,0.0,3.0,3.0,0.0,0.0,0.0,0.0,0.0,0.0,0.0,0.0,0.0,0.0,0.0,0.0,3.0
56,464,2021-09-21,45.76016,3.063826667,16,72.05,15.82,15.82,0.0,0.0,0.0,3.0,0.0,0.0,0.0,0.0,3.0,3.0,0.0,0.0,0.0,3.0,0.0,0.0,3.0,3.0,0.0,3.0,0.0,0.0,0.0,3.0,3.0,3.0,0.0,3.0,3.0,3.0,0.0,3.0,0.0,0.0,0.0,3.0,0.0,3.0
57,465,2022-04-27,45.76025,3.12118,11,96.8,3.2,3.2,3.0,0.0,0.0,0.0,0.0,3.0,3.0,0.0,3.0,0.0,3.0,0.0,0.0,3.0,0.0,0.0,3.0,0.0,0.0,0.0,0.0,0.0,0.0,3.0,3.0,3.0,0.0,0.0,0.0,0.0,0.0,0.0,0.0,0.0,0.0,0.0,0.0,3.0
58,466,2022-05-02,45.76157,3.083663333,15,53.64,0.66,0.66,0.0,0.0,0.0,9.0,0.0,3.0,3.0,0.0,3.0,3.0,3.0,0.0,0.0,3.0,0.0,0.0,0.0,0.0,0.0,0.0,0.0,0.0,0.0,3.0,3.0,0.0,0.0,0.0,3.0,3.0,0.0,0.0,3.0,0.0,0.0,0.0,0.0,3.0
59,467,2022-03-15,45.76255,3.126796667,12,68.21,0.0,0.0,0.0,0.0,0.0,6.0,0.0,3.0,0.0,0.0,0.0,3.0,3.0,0.0,0.0,3.0,0.0,0.0,0.0,3.0,0.0,0.0,0.0,0.0,0.0,3.0,3.0,3.0,0.0,0.0,0.0,3.0,0.0,0.0,0.0,0.0,0.0,0.0,0.0,3.0
60,468,2020-02-26,45.76329333,3.11417,18,82.37,6.44,6.44,3.0,0.0,0.0,3.0,0.0,3.0,0.0,0.0,3.0,3.0,0.0,0.0,0.0,3.0,0.0,0.0,3.0,3.0,0.0,3.0,3.0,0.0,0.0,3.0,3.0,3.0,0.0,3.0,3.0,3.0,0.0,0.0,3.0,0.0,0.0,0.0,0.0,3.0
61,469,2021-08-17,45.76507,3.04198,17,62.61,40.76,40.76,3.0,0.0,0.0,3.0,0.0,3.0,0.0,0.0,3.0,3.0,3.0,3.0,0.0,3.0,0.0,0.0,3.0,3.0,0.0,3.0,3.0,0.0,0.0,0.0,3.0,3.0,0.0,3.0,0.0,3.0,0.0,0.0,3.0,0.0,0.0,0.0,0.0,0.0
62,470,2022-11-24,45.76962333,3.115553333,8,99.23,0.0,0.0,0.0,0.0,0.0,0.0,0.0,3.0,0.0,0.0,0.0,3.0,3.0,0.0,0.0,3.0,0.0,0.0,3.0,0.0,0.0,0.0,0.0,0.0,0.0,3.0,3.0,3.0,0.0,0.0,0.0,0.0,0.0,0.0,0.0,0.0,0.0,0.0,0.0,0.0
63,471,2021-07-27,45.76978667,3.13648,9,96.81,0.0,0.0,3.0,0.0,0.0,0.0,0.0,3.0,0.0,0.0,0.0,3.0,3.0,0.0,0.0,3.0,0.0,0.0,3.0,0.0,0.0,0.0,0.0,0.0,0.0,3.0,3.0,0.0,0.0,0.0,0.0,0.0,0.0,0.0,0.0,0.0,0.0,0.0,0.0,3.0
64,472,2022-06-07,45.77436667,3.06957,12,61.36,0.0,0.0,0.0,0.0,0.0,6.0,0.0,3.0,3.0,0.0,0.0,0.0,3.0,0.0,0.0,0.0,0.0,0.0,3.0,0.0,0.0,0.0,0.0,0.0,0.0,3.0,3.0,0.0,0.0,0.0,3.0,3.0,0.0,0.0,3.0,0.0,0.0,0.0,0.0,3.0
65,473,2022-03-22,45.77911,3.012886667,21,80.4,24.62,24.62,3.0,3.0,0.0,3.0,0.0,3.0,3.0,0.0,3.0,0.0,0.0,0.0,0.0,3.0,3.0,0.0,3.0,3.0,0.0,3.0,3.0,0.0,0.0,3.0,3.0,3.0,0.0,3.0,3.0,3.0,0.0,0.0,0.0,3.0,0.0,3.0,0.0,3.0
66,474,2020-09-02,45.81764333,1.25273,12,86.73,1.9,1.9,3.0,0.0,3.0,0.0,0.0,3.0,0.0,0.0,0.0,3.0,3.0,0.0,0.0,3.0,0.0,0.0,3.0,0.0,0.0,0.0,0.0,0.0,3.0,3.0,3.0,0.0,0.0,0.0,0.0,3.0,0.0,0.0,0.0,0.0,0.0,0.0,0.0,3.0
67,475,2022-03-09,45.82224,1.228763333,7,65.06,33.73,33.73,3.0,0.0,3.0,0.0,0.0,0.0,0.0,0.0,0.0,0.0,0.0,0.0,3.0,0.0,0.0,0.0,0.0,0.0,0.0,3.0,0.0,3.0,0.0,0.0,0.0,0.0,0.0,0.0,0.0,0.0,0.0,0.0,3.0,0.0,0.0,0.0,0.0,3.0
68,476,2022-01-20,45.82267667,1.24267,7,49.38,18.52,18.52,0.0,0.0,3.0,0.0,0.0,0.0,0.0,0.0,0.0,3.0,0.0,3.0,0.0,3.0,0.0,0.0,0.0,0.0,0.0,3.0,0.0,3.0,0.0,0.0,0.0,0.0,0.0,0.0,0.0,0.0,0.0,0.0,3.0,0.0,0.0,0.0,0.0,0.0
69,477,2022-01-20,45.82284333,1.241103333,14,34.62,19.23,19.23,3.0,0.0,6.0,0.0,0.0,0.0,0.0,0.0,3.0,3.0,0.0,3.0,0.0,3.0,0.0,0.0,0.0,3.0,0.0,3.0,0.0,3.0,3.0,0.0,3.0,3.0,0.0,0.0,0.0,0.0,0.0,0.0,3.0,0.0,0.0,0.0,0.0,0.0
70,478,2019-06-17,45.82567,1.238403333,13,90.91,30.3,30.3,3.0,0.0,0.0,0.0,0.0,0.0,3.0,0.0,3.0,0.0,0.0,3.0,3.0,3.0,0.0,0.0,0.0,0.0,3.0,3.0,3.0,0.0,0.0,0.0,3.0,0.0,0.0,0.0,0.0,0.0,0.0,0.0,0.0,3.0,3.0,0.0,0.0,3.0
71,479,2021-02-15,45.82613667,1.233473333,15,30.13,28.21,28.21,3.0,0.0,6.0,0.0,0.0,0.0,0.0,0.0,3.0,3.0,0.0,3.0,0.0,3.0,0.0,0.0,0.0,3.0,0.0,3.0,3.0,3.0,0.0,0.0,0.0,0.0,0.0,0.0,3.0,3.0,0.0,0.0,3.0,0.0,0.0,0.0,3.0,0.0
72,480,2021-05-05,45.82626667,1.248286667,18,66.67,20.59,20.59,3.0,0.0,0.0,0.0,0.0,3.0,3.0,0.0,3.0,3.0,0.0,0.0,0.0,3.0,3.0,0.0,3.0,0.0,0.0,3.0,0.0,3.0,3.0,3.0,3.0,0.0,0.0,0.0,3.0,3.0,0.0,0.0,3.0,0.0,3.0,0.0,0.0,3.0
73,481,2020-03-29,45.82725667,1.24145,12,59.81,16.75,16.75,3.0,0.0,3.0,0.0,0.0,0.0,0.0,0.0,3.0,3.0,0.0,0.0,0.0,3.0,3.0,0.0,0.0,3.0,0.0,3.0,0.0,3.0,0.0,3.0,3.0,0.0,0.0,0.0,0.0,0.0,0.0,0.0,3.0,0.0,0.0,0.0,0.0,0.0
74,482,2022-04-22,45.82773,1.26735,13,54.14,23.76,23.76,3.0,0.0,3.0,0.0,0.0,0.0,0.0,0.0,3.0,3.0,0.0,3.0,3.0,0.0,0.0,0.0,3.0,0.0,0.0,3.0,3.0,3.0,0.0,0.0,3.0,0.0,0.0,0.0,3.0,0.0,0.0,0.0,3.0,0.0,0.0,0.0,0.0,0.0
75,483,2021-04-09,45.83063667,1.252083333,16,67.94,24.88,24.88,3.0,0.0,3.0,0.0,0.0,0.0,0.0,0.0,3.0,3.0,3.0,3.0,0.0,3.0,3.0,0.0,3.0,0.0,0.0,3.0,3.0,3.0,0.0,3.0,3.0,0.0,0.0,0.0,0.0,0.0,0.0,0.0,3.0,0.0,0.0,0.0,0.0,3.0
76,484,2022-05-30,45.83933667,1.260496667,14,80.14,12.33,12.33,3.0,0.0,3.0,0.0,0.0,0.0,0.0,0.0,0.0,3.0,3.0,0.0,3.0,3.0,0.0,0.0,0.0,0.0,0.0,3.0,3.0,3.0,3.0,0.0,3.0,0.0,0.0,0.0,0.0,3.0,0.0,0.0,3.0,0.0,0.0,0.0,0.0,3.0
77,485,2022-04-28,45.85148667,1.26502,16,77.06,1.3,1.3,3.0,0.0,6.0,0.0,0.0,3.0,3.0,0.0,3.0,3.0,0.0,0.0,0.0,3.0,0.0,0.0,3.0,0.0,0.0,3.0,0.0,3.0,0.0,3.0,3.0,0.0,0.0,0.0,0.0,3.0,0.0,0.0,3.0,0.0,0.0,0.0,0.0,3.0
78,486,2022-09-30,47.46271,-0.546046667,4,78.57,14.29,14.29,0.0,0.0,0.0,0.0,0.0,0.0,3.0,3.0,0.0,0.0,0.0,0.0,0.0,0.0,0.0,0.0,0.0,0.0,0.0,3.0,0.0,0.0,0.0,0.0,0.0,0.0,0.0,0.0,0.0,0.0,0.0,0.0,3.0,0.0,0.0,0.0,0.0,0.0
79,487,2021-09-17,47.59667333,1.329226667,11,70.24,36.9,36.9,3.0,0.0,3.0,0.0,0.0,3.0,0.0,3.0,0.0,0.0,0.0,0.0,0.0,0.0,0.0,0.0,0.0,0.0,0.0,3.0,0.0,0.0,3.0,0.0,3.0,0.0,0.0,0.0,3.0,0.0,0.0,0.0,3.0,3.0,3.0,0.0,0.0,0.0
80,488,2021-09-17,47.59742333,1.329003333,9,62.26,3.77,3.77,3.0,0.0,0.0,0.0,0.0,3.0,3.0,3.0,0.0,3.0,0.0,0.0,0.0,0.0,0.0,0.0,0.0,0.0,0.0,0.0,3.0,0.0,0.0,0.0,0.0,0.0,0.0,0.0,0.0,3.0,0.0,3.0,0.0,0.0,3.0,0.0,0.0,0.0
81,489,2021-09-17,47.59772,1.32896,8,84.85,0.0,0.0,3.0,0.0,0.0,0.0,3.0,3.0,0.0,0.0,0.0,3.0,0.0,0.0,0.0,0.0,0.0,0.0,0.0,0.0,0.0,0.0,3.0,0.0,0.0,3.0,3.0,0.0,0.0,0.0,0.0,0.0,0.0,0.0,3.0,0.0,0.0,0.0,0.0,0.0
82,490,2022-07-04,48.34964667,1.988256667,9,72.46,24.64,24.64,3.0,0.0,3.0,0.0,0.0,0.0,0.0,0.0,0.0,0.0,3.0,0.0,0.0,3.0,3.0,0.0,3.0,0.0,0.0,0.0,0.0,0.0,0.0,0.0,3.0,0.0,0.0,0.0,3.0,0.0,0.0,0.0,0.0,0.0,0.0,0.0,0.0,3.0
83,491,2022-07-03,48.48376,2.187146667,11,70.83,50.0,50.0,0.0,0.0,3.0,3.0,0.0,0.0,0.0,0.0,3.0,3.0,0.0,3.0,0.0,3.0,0.0,0.0,0.0,0.0,0.0,3.0,0.0,3.0,0.0,0.0,3.0,0.0,0.0,0.0,3.0,0.0,0.0,0.0,0.0,3.0,0.0,0.0,0.0,0.0
84,492,2021-06-18,48.58195667,1.883423333,18,76.9,18.41,18.41,3.0,0.0,6.0,0.0,0.0,0.0,3.0,3.0,0.0,0.0,3.0,0.0,0.0,3.0,3.0,0.0,3.0,0.0,0.0,3.0,0.0,3.0,3.0,3.0,3.0,0.0,0.0,0.0,3.0,0.0,0.0,0.0,3.0,3.0,0.0,0.0,0.0,3.0
85,493,2021-06-15,48.62747,2.429316667,10,89.4,1.99,1.99,3.0,0.0,3.0,0.0,0.0,3.0,3.0,0.0,0.0,0.0,3.0,0.0,0.0,3.0,3.0,0.0,0.0,0.0,0.0,0.0,0.0,0.0,0.0,3.0,3.0,0.0,0.0,0.0,0.0,0.0,0.0,0.0,0.0,0.0,0.0,0.0,0.0,3.0
86,494,2021-06-18,48.64049667,2.267983333,13,97.66,0.47,0.47,3.0,0.0,3.0,0.0,0.0,3.0,0.0,0.0,0.0,0.0,3.0,0.0,0.0,3.0,3.0,0.0,3.0,0.0,0.0,0.0,3.0,0.0,0.0,3.0,3.0,0.0,0.0,0.0,3.0,0.0,0.0,0.0,3.0,0.0,0.0,0.0,0.0,3.0
87,495,2021-06-11,48.70701,2.456236667,12,77.65,21.76,21.76,3.0,0.0,0.0,3.0,0.0,3.0,0.0,0.0,0.0,0.0,3.0,0.0,0.0,3.0,3.0,0.0,3.0,0.0,0.0,3.0,0.0,0.0,3.0,3.0,3.0,0.0,0.0,0.0,0.0,0.0,0.0,0.0,0.0,0.0,0.0,0.0,0.0,3.0
88,496,2021-10-25,48.76178,2.27833,5,91.04,8.96,8.96,0.0,0.0,0.0,0.0,0.0,0.0,0.0,0.0,3.0,0.0,0.0,0.0,0.0,0.0,3.0,0.0,0.0,0.0,0.0,0.0,0.0,0.0,0.0,0.0,3.0,0.0,0.0,0.0,3.0,0.0,0.0,0.0,0.0,0.0,0.0,0.0,0.0,3.0
89,497,2021-06-11,48.77581667,2.376053333,14,91.71,10.14,10.14,3.0,0.0,0.0,3.0,0.0,3.0,0.0,0.0,0.0,0.0,3.0,0.0,0.0,3.0,3.0,0.0,3.0,0.0,0.0,3.0,0.0,3.0,0.0,3.0,3.0,0.0,0.0,0.0,3.0,0.0,0.0,0.0,3.0,0.0,0.0,0.0,0.0,3.0
90,498,2022-02-03,48.78836667,2.45534,9,92.86,0.0,0.0,3.0,0.0,0.0,0.0,0.0,3.0,0.0,0.0,0.0,3.0,3.0,0.0,0.0,3.0,0.0,0.0,0.0,0.0,0.0,0.0,0.0,0.0,0.0,0.0,3.0,0.0,0.0,0.0,0.0,0.0,3.0,0.0,3.0,0.0,0.0,0.0,0.0,3.0
91,499,2022-02-01,48.78846,2.45523,8,77.97,0.0,0.0,3.0,0.0,0.0,0.0,0.0,0.0,0.0,3.0,0.0,3.0,3.0,0.0,0.0,3.0,0.0,0.0,0.0,0.0,0.0,0.0,0.0,3.0,0.0,0.0,3.0,0.0,0.0,0.0,0.0,0.0,0.0,0.0,0.0,0.0,0.0,0.0,0.0,3.0
92,500,2021-01-14,48.78859333,2.455133333,9,82.29,3.12,3.12,3.0,0.0,0.0,0.0,0.0,3.0,0.0,0.0,0.0,0.0,3.0,0.0,0.0,3.0,0.0,0.0,0.0,0.0,0.0,3.0,0.0,3.0,0.0,0.0,3.0,0.0,0.0,0.0,0.0,0.0,0.0,0.0,3.0,0.0,0.0,0.0,0.0,3.0
93,501,2022-02-03,48.78864333,2.455096667,7,86.14,7.92,7.92,3.0,0.0,0.0,0.0,0.0,3.0,0.0,0.0,0.0,3.0,0.0,0.0,0.0,0.0,0.0,0.0,0.0,0.0,0.0,0.0,0.0,0.0,3.0,0.0,3.0,0.0,0.0,0.0,3.0,0.0,0.0,0.0,0.0,0.0,0.0,0.0,0.0,3.0
94,502,2022-02-03,48.78869,2.455086667,6,100.0,33.33,33.33,0.0,0.0,0.0,0.0,0.0,3.0,0.0,0.0,0.0,0.0,0.0,0.0,0.0,3.0,0.0,0.0,0.0,0.0,0.0,3.0,0.0,0.0,0.0,0.0,3.0,0.0,0.0,0.0,0.0,0.0,0.0,0.0,3.0,0.0,0.0,0.0,0.0,3.0
95,503,2022-02-03,48.78874667,2.455013333,6,93.06,0.0,0.0,3.0,0.0,0.0,0.0,0.0,0.0,0.0,0.0,0.0,0.0,0.0,0.0,0.0,3.0,0.0,0.0,0.0,0.0,0.0,0.0,0.0,3.0,0.0,0.0,3.0,0.0,0.0,0.0,0.0,0.0,0.0,0.0,3.0,0.0,0.0,0.0,0.0,3.0
96,504,2022-02-03,48.78886333,2.45491,12,51.28,37.18,37.18,3.0,0.0,0.0,0.0,0.0,3.0,0.0,0.0,0.0,3.0,0.0,0.0,0.0,3.0,3.0,0.0,3.0,0.0,0.0,3.0,0.0,3.0,3.0,0.0,3.0,0.0,0.0,0.0,3.0,0.0,3.0,0.0,0.0,0.0,0.0,0.0,0.0,0.0
97,505,2020-05-19,48.79968333,2.512796667,10,91.67,4.63,4.63,3.0,0.0,0.0,0.0,0.0,3.0,0.0,0.0,0.0,3.0,0.0,0.0,0.0,3.0,3.0,0.0,0.0,0.0,0.0,3.0,0.0,0.0,0.0,0.0,3.0,0.0,0.0,0.0,0.0,0.0,0.0,0.0,3.0,3.0,0.0,0.0,0.0,3.0
98,506,2021-01-31,48.80394333,2.254863333,5,89.47,0.0,0.0,3.0,0.0,3.0,0.0,0.0,0.0,0.0,0.0,0.0,0.0,3.0,3.0,0.0,3.0,0.0,0.0,0.0,0.0,0.0,0.0,0.0,0.0,0.0,0.0,0.0,0.0,0.0,0.0,0.0,0.0,0.0,0.0,0.0,0.0,0.0,0.0,0.0,0.0
99,507,2020-05-29,48.80968333,2.49457,8,91.3,16.52,16.52,3.0,0.0,0.0,0.0,0.0,3.0,0.0,0.0,0.0,0.0,0.0,0.0,0.0,3.0,3.0,0.0,0.0,0.0,0.0,3.0,0.0,0.0,0.0,0.0,3.0,0.0,0.0,0.0,0.0,0.0,0.0,0.0,3.0,0.0,0.0,0.0,0.0,3.0
100,508,2022-02-20,48.81235,2.162936667,4,37.23,0.0,0.0,0.0,0.0,3.0,0.0,0.0,3.0,0.0,0.0,0.0,0.0,0.0,0.0,0.0,0.0,0.0,0.0,0.0,0.0,0.0,0.0,0.0,0.0,0.0,0.0,3.0,0.0,0.0,0.0,3.0,0.0,0.0,0.0,0.0,0.0,0.0,0.0,0.0,0.0
101,509,2021-06-15,48.81636,2.516936667,14,96.23,1.13,1.13,3.0,0.0,0.0,0.0,0.0,3.0,3.0,0.0,0.0,3.0,3.0,0.0,0.0,3.0,0.0,0.0,3.0,0.0,0.0,3.0,0.0,0.0,0.0,3.0,3.0,0.0,0.0,0.0,3.0,0.0,0.0,0.0,3.0,3.0,0.0,0.0,0.0,3.0
102,510,2021-06-11,48.81746,2.394603333,8,95.92,4.08,4.08,3.0,0.0,0.0,0.0,0.0,3.0,0.0,0.0,0.0,0.0,3.0,0.0,0.0,0.0,3.0,0.0,0.0,0.0,0.0,0.0,0.0,0.0,0.0,3.0,3.0,0.0,0.0,0.0,0.0,0.0,0.0,0.0,3.0,0.0,0.0,0.0,0.0,3.0
103,511,2021-06-14,48.82834667,2.358996667,10,89.3,10.7,10.7,3.0,0.0,0.0,0.0,0.0,3.0,0.0,0.0,0.0,0.0,3.0,0.0,0.0,3.0,3.0,0.0,0.0,0.0,0.0,0.0,0.0,0.0,0.0,3.0,3.0,0.0,0.0,0.0,3.0,0.0,0.0,0.0,3.0,0.0,0.0,0.0,0.0,3.0
104,512,2022-02-22,48.83081,2.404596667,5,100.0,0.0,0.0,3.0,0.0,0.0,0.0,0.0,3.0,0.0,0.0,0.0,0.0,0.0,0.0,0.0,3.0,0.0,0.0,0.0,0.0,0.0,0.0,3.0,0.0,0.0,0.0,0.0,0.0,0.0,0.0,0.0,0.0,0.0,0.0,0.0,0.0,0.0,0.0,0.0,3.0
105,513,2021-02-12,48.83158,2.404136667,7,100.0,0.0,0.0,3.0,0.0,0.0,0.0,0.0,3.0,0.0,0.0,0.0,0.0,0.0,0.0,3.0,0.0,0.0,0.0,0.0,0.0,0.0,0.0,3.0,0.0,0.0,0.0,3.0,0.0,0.0,0.0,0.0,0.0,0.0,0.0,3.0,0.0,0.0,0.0,0.0,3.0
106,514,2021-06-14,48.838,2.394863333,8,81.36,0.85,0.85,3.0,0.0,3.0,0.0,0.0,3.0,0.0,0.0,0.0,0.0,3.0,0.0,0.0,0.0,3.0,0.0,0.0,0.0,0.0,0.0,0.0,0.0,0.0,3.0,3.0,0.0,0.0,0.0,0.0,0.0,0.0,0.0,0.0,0.0,0.0,0.0,0.0,3.0
107,515,2021-06-14,48.83808667,2.408783333,11,96.23,0.47,0.47,3.0,0.0,3.0,0.0,0.0,3.0,3.0,0.0,0.0,0.0,3.0,0.0,0.0,0.0,3.0,0.0,0.0,0.0,0.0,0.0,0.0,0.0,0.0,3.0,3.0,0.0,0.0,0.0,3.0,0.0,0.0,0.0,3.0,0.0,0.0,0.0,0.0,3.0
108,516,2021-06-17,48.83878,2.412813333,9,97.13,2.87,2.87,3.0,0.0,0.0,0.0,0.0,0.0,3.0,0.0,0.0,0.0,3.0,0.0,0.0,3.0,3.0,0.0,0.0,0.0,0.0,0.0,0.0,0.0,0.0,3.0,3.0,0.0,0.0,0.0,3.0,0.0,0.0,0.0,0.0,0.0,0.0,0.0,0.0,3.0
109,517,2022-02-19,48.83984333,2.43812,8,58.99,10.79,10.79,3.0,0.0,0.0,0.0,0.0,3.0,3.0,0.0,0.0,0.0,0.0,3.0,0.0,0.0,0.0,0.0,3.0,0.0,0.0,3.0,0.0,0.0,0.0,0.0,0.0,0.0,0.0,0.0,0.0,0.0,0.0,0.0,0.0,3.0,0.0,0.0,0.0,3.0
110,518,2022-02-14,48.83998,2.43103,4,82.95,0.0,0.0,3.0,0.0,0.0,0.0,0.0,0.0,0.0,3.0,0.0,0.0,0.0,0.0,0.0,0.0,0.0,0.0,0.0,0.0,0.0,0.0,0.0,0.0,0.0,0.0,3.0,0.0,0.0,0.0,0.0,0.0,0.0,0.0,0.0,0.0,0.0,0.0,0.0,3.0
111,519,2021-06-15,48.84012,2.63475,16,91.22,4.73,4.73,3.0,0.0,0.0,3.0,0.0,3.0,3.0,0.0,0.0,3.0,3.0,3.0,0.0,3.0,3.0,0.0,0.0,3.0,0.0,3.0,0.0,3.0,0.0,3.0,3.0,0.0,0.0,0.0,0.0,0.0,0.0,0.0,3.0,0.0,0.0,0.0,0.0,3.0
112,520,2022-02-14,48.84034667,2.430846667,6,81.13,0.0,0.0,3.0,0.0,6.0,0.0,0.0,0.0,0.0,0.0,0.0,0.0,0.0,0.0,0.0,0.0,0.0,0.0,0.0,0.0,0.0,0.0,0.0,0.0,0.0,3.0,3.0,0.0,0.0,0.0,0.0,0.0,0.0,0.0,0.0,0.0,0.0,0.0,0.0,3.0
113,521,2022-02-14,48.84104667,2.432163333,8,100.0,10.22,10.22,3.0,0.0,0.0,0.0,0.0,3.0,0.0,0.0,0.0,0.0,0.0,0.0,0.0,3.0,0.0,0.0,0.0,0.0,0.0,3.0,3.0,0.0,0.0,3.0,0.0,0.0,0.0,0.0,0.0,0.0,0.0,0.0,3.0,0.0,0.0,0.0,0.0,3.0
114,522,2022-02-18,48.84481333,2.44385,4,90.59,28.24,28.24,0.0,0.0,0.0,0.0,0.0,3.0,0.0,0.0,0.0,3.0,0.0,0.0,0.0,0.0,0.0,0.0,0.0,0.0,0.0,3.0,0.0,0.0,0.0,0.0,3.0,0.0,0.0,0.0,0.0,0.0,0.0,0.0,0.0,0.0,0.0,0.0,0.0,0.0
115,523,2021-01-29,48.84785,2.3355,3,97.26,0.0,0.0,0.0,0.0,0.0,0.0,0.0,0.0,0.0,0.0,0.0,3.0,0.0,0.0,0.0,0.0,0.0,0.0,0.0,0.0,0.0,0.0,0.0,0.0,0.0,0.0,3.0,0.0,0.0,0.0,0.0,0.0,0.0,0.0,0.0,0.0,0.0,0.0,0.0,3.0
116,524,2022-02-23,48.85031,2.370536667,1,100.0,0.0,0.0,0.0,0.0,0.0,0.0,0.0,0.0,0.0,0.0,0.0,0.0,0.0,0.0,0.0,0.0,0.0,0.0,0.0,0.0,0.0,0.0,0.0,0.0,0.0,3.0,0.0,0.0,0.0,0.0,0.0,0.0,0.0,0.0,0.0,0.0,0.0,0.0,0.0,0.0
117,525,2021-06-16,48.85254,2.359393333,9,97.87,0.0,0.0,3.0,0.0,3.0,0.0,0.0,0.0,3.0,0.0,0.0,0.0,3.0,0.0,0.0,3.0,0.0,0.0,0.0,0.0,0.0,0.0,0.0,0.0,0.0,3.0,3.0,0.0,0.0,0.0,3.0,0.0,0.0,0.0,0.0,0.0,0.0,0.0,0.0,3.0
118,526,2019-07-25,48.87472667,2.207703333,9,70.97,0.54,0.54,3.0,0.0,0.0,0.0,0.0,0.0,0.0,3.0,0.0,3.0,3.0,0.0,0.0,0.0,0.0,0.0,0.0,3.0,0.0,3.0,0.0,0.0,0.0,0.0,3.0,0.0,3.0,0.0,0.0,0.0,0.0,0.0,0.0,0.0,0.0,0.0,0.0,3.0
119,527,2020-09-03,48.87528333,2.209456667,7,49.63,16.3,16.3,0.0,0.0,3.0,0.0,0.0,3.0,0.0,3.0,0.0,3.0,3.0,0.0,0.0,0.0,3.0,0.0,0.0,0.0,0.0,0.0,0.0,0.0,0.0,0.0,3.0,0.0,0.0,0.0,0.0,0.0,0.0,0.0,0.0,0.0,0.0,0.0,0.0,0.0
120,528,2021-06-08,48.88147,2.506003333,11,92.79,3.85,3.85,3.0,0.0,3.0,0.0,0.0,3.0,3.0,0.0,0.0,3.0,3.0,0.0,0.0,0.0,0.0,0.0,0.0,0.0,0.0,3.0,0.0,0.0,0.0,3.0,3.0,0.0,0.0,0.0,0.0,0.0,0.0,0.0,3.0,0.0,0.0,0.0,0.0,3.0
121,529,2021-06-17,48.88992333,2.241423333,5,28.57,0.0,0.0,3.0,0.0,3.0,3.0,0.0,0.0,3.0,0.0,0.0,0.0,3.0,0.0,0.0,0.0,0.0,0.0,0.0,0.0,0.0,0.0,0.0,0.0,0.0,0.0,0.0,0.0,0.0,0.0,0.0,0.0,0.0,0.0,0.0,0.0,0.0,0.0,0.0,0.0
122,530,2021-06-16,48.89237667,2.346176667,9,97.9,0.0,0.0,3.0,0.0,3.0,0.0,0.0,3.0,3.0,0.0,0.0,0.0,3.0,0.0,0.0,0.0,0.0,0.0,0.0,0.0,0.0,0.0,0.0,0.0,0.0,3.0,3.0,0.0,0.0,0.0,3.0,0.0,0.0,0.0,0.0,0.0,0.0,0.0,0.0,3.0
123,531,2021-06-08,48.90205333,2.453086667,11,82.07,2.17,2.17,3.0,0.0,3.0,0.0,0.0,3.0,0.0,0.0,0.0,0.0,3.0,0.0,0.0,3.0,0.0,0.0,0.0,0.0,0.0,3.0,0.0,0.0,0.0,0.0,3.0,0.0,0.0,0.0,3.0,0.0,0.0,0.0,3.0,3.0,0.0,0.0,0.0,3.0
124,532,2021-06-10,48.92475667,2.35661,8,100.0,0.0,0.0,3.0,0.0,0.0,0.0,0.0,3.0,3.0,0.0,0.0,0.0,3.0,0.0,0.0,3.0,0.0,0.0,0.0,0.0,0.0,0.0,0.0,0.0,0.0,3.0,3.0,0.0,0.0,0.0,0.0,0.0,0.0,0.0,0.0,0.0,0.0,0.0,0.0,3.0
125,533,2021-06-10,48.93153667,2.29477,5,100.0,0.0,0.0,3.0,0.0,0.0,0.0,0.0,0.0,0.0,0.0,0.0,0.0,0.0,0.0,0.0,0.0,0.0,0.0,0.0,0.0,0.0,0.0,0.0,0.0,0.0,3.0,3.0,0.0,0.0,0.0,3.0,0.0,0.0,0.0,0.0,0.0,0.0,0.0,0.0,3.0
126,534,2019-12-04,48.93162,2.178633333,5,25.64,0.0,0.0,0.0,0.0,3.0,0.0,0.0,3.0,0.0,0.0,0.0,0.0,0.0,3.0,0.0,0.0,0.0,0.0,0.0,0.0,0.0,0.0,0.0,0.0,0.0,0.0,3.0,0.0,0.0,0.0,0.0,0.0,0.0,0.0,0.0,0.0,0.0,0.0,0.0,3.0
127,535,2020-10-15,48.93586,2.34085,14,81.2,15.04,15.04,3.0,0.0,3.0,3.0,0.0,3.0,0.0,0.0,0.0,0.0,3.0,0.0,0.0,3.0,3.0,0.0,3.0,0.0,0.0,0.0,3.0,3.0,0.0,3.0,3.0,0.0,0.0,0.0,0.0,0.0,0.0,0.0,3.0,0.0,0.0,0.0,0.0,3.0
128,536,2021-06-10,48.93594,2.35894,8,98.13,1.87,1.87,3.0,0.0,0.0,0.0,0.0,0.0,3.0,0.0,0.0,0.0,3.0,0.0,0.0,0.0,3.0,0.0,0.0,0.0,0.0,0.0,0.0,0.0,3.0,3.0,3.0,0.0,0.0,0.0,0.0,0.0,0.0,0.0,0.0,0.0,0.0,0.0,0.0,3.0
129,537,2020-10-15,48.94749333,2.314856667,14,91.7,13.97,13.97,3.0,0.0,3.0,0.0,0.0,3.0,0.0,0.0,3.0,3.0,0.0,0.0,0.0,3.0,0.0,0.0,3.0,0.0,0.0,3.0,0.0,0.0,0.0,3.0,3.0,0.0,3.0,3.0,0.0,0.0,0.0,0.0,0.0,3.0,0.0,0.0,0.0,3.0
130,538,2020-10-15,48.94853667,2.312816667,10,100.0,1.02,1.02,3.0,0.0,0.0,0.0,0.0,3.0,0.0,0.0,0.0,0.0,3.0,0.0,0.0,3.0,0.0,0.0,0.0,0.0,0.0,3.0,3.0,0.0,0.0,3.0,3.0,0.0,0.0,0.0,0.0,0.0,0.0,0.0,3.0,0.0,0.0,0.0,0.0,3.0
131,539,2021-06-10,48.9514,2.222326667,8,100.0,0.0,0.0,3.0,0.0,0.0,0.0,0.0,3.0,0.0,0.0,0.0,0.0,3.0,0.0,0.0,3.0,0.0,0.0,0.0,0.0,0.0,0.0,0.0,0.0,0.0,3.0,3.0,0.0,0.0,3.0,0.0,0.0,0.0,0.0,0.0,0.0,0.0,0.0,0.0,3.0
132,540,2021-01-21,48.97503667,1.970886667,5,83.12,16.88,16.88,3.0,0.0,0.0,0.0,0.0,0.0,0.0,0.0,0.0,0.0,0.0,3.0,0.0,0.0,0.0,0.0,0.0,0.0,0.0,0.0,0.0,0.0,3.0,0.0,3.0,0.0,0.0,0.0,0.0,0.0,0.0,0.0,0.0,0.0,0.0,0.0,0.0,3.0
133,541,2021-06-10,48.99063333,2.444803333,10,86.9,12.5,12.5,3.0,0.0,0.0,0.0,0.0,0.0,3.0,0.0,0.0,0.0,3.0,0.0,0.0,3.0,3.0,0.0,0.0,0.0,0.0,0.0,0.0,0.0,0.0,3.0,3.0,0.0,0.0,0.0,3.0,0.0,0.0,0.0,0.0,0.0,0.0,3.0,0.0,3.0
134,542,2021-06-17,48.99653333,1.70339,16,94.51,2.2,2.2,3.0,0.0,3.0,0.0,0.0,3.0,3.0,0.0,3.0,3.0,3.0,0.0,0.0,3.0,3.0,0.0,3.0,0.0,0.0,0.0,0.0,0.0,0.0,3.0,3.0,0.0,0.0,0.0,3.0,0.0,0.0,0.0,3.0,3.0,0.0,0.0,0.0,3.0
135,543,2021-02-08,49.04152,2.07207,5,100.0,0.0,0.0,0.0,0.0,0.0,0.0,0.0,3.0,0.0,0.0,0.0,0.0,3.0,0.0,0.0,0.0,0.0,0.0,0.0,0.0,0.0,0.0,0.0,0.0,0.0,3.0,3.0,0.0,0.0,0.0,0.0,0.0,0.0,0.0,0.0,0.0,0.0,0.0,0.0,3.0
136,544,2019-08-05,49.10310667,7.063973333,11,86.26,58.02,58.02,0.0,0.0,0.0,0.0,0.0,0.0,0.0,0.0,3.0,3.0,0.0,3.0,0.0,0.0,3.0,0.0,3.0,0.0,3.0,3.0,0.0,0.0,0.0,0.0,3.0,0.0,0.0,0.0,3.0,0.0,0.0,0.0,3.0,0.0,0.0,0.0,0.0,3.0
137,545,2020-11-21,50.60734667,3.138026667,5,100.0,0.0,0.0,3.0,0.0,0.0,0.0,0.0,0.0,0.0,0.0,0.0,0.0,0.0,0.0,0.0,3.0,0.0,0.0,0.0,0.0,0.0,0.0,0.0,0.0,0.0,0.0,3.0,0.0,0.0,0.0,0.0,0.0,0.0,0.0,3.0,0.0,0.0,0.0,0.0,3.0
138,546,2020-11-25,50.60761,3.138206667,6,97.12,0.0,0.0,3.0,0.0,0.0,0.0,0.0,0.0,0.0,0.0,0.0,0.0,0.0,0.0,0.0,3.0,0.0,0.0,0.0,0.0,0.0,0.0,0.0,0.0,0.0,0.0,3.0,0.0,0.0,0.0,0.0,0.0,0.0,0.0,3.0,0.0,3.0,0.0,0.0,3.0
139,547,2020-11-07,50.60900333,3.134046667,4,100.0,0.0,0.0,3.0,0.0,0.0,0.0,0.0,0.0,3.0,0.0,0.0,0.0,0.0,0.0,0.0,0.0,0.0,0.0,0.0,0.0,0.0,0.0,0.0,0.0,0.0,0.0,3.0,0.0,0.0,0.0,0.0,0.0,0.0,0.0,0.0,0.0,0.0,0.0,0.0,3.0
140,548,2020-11-12,50.61252667,3.12218,4,100.0,0.0,0.0,3.0,0.0,0.0,0.0,0.0,0.0,0.0,0.0,0.0,0.0,0.0,0.0,0.0,3.0,0.0,0.0,0.0,0.0,0.0,0.0,0.0,0.0,0.0,0.0,3.0,0.0,0.0,0.0,0.0,0.0,0.0,0.0,0.0,0.0,0.0,0.0,0.0,3.0
141,549,2020-11-08,50.61553333,3.13212,4,100.0,0.0,0.0,3.0,0.0,0.0,0.0,0.0,0.0,3.0,0.0,0.0,0.0,0.0,0.0,0.0,0.0,0.0,0.0,0.0,0.0,0.0,0.0,0.0,0.0,0.0,0.0,3.0,0.0,0.0,0.0,0.0,0.0,0.0,0.0,0.0,0.0,0.0,0.0,0.0,3.0
142,550,2022-01-16,50.66564,4.62093,16,89.57,11.74,11.74,3.0,0.0,0.0,0.0,0.0,3.0,3.0,0.0,3.0,3.0,3.0,0.0,3.0,3.0,3.0,0.0,3.0,0.0,0.0,3.0,0.0,0.0,0.0,3.0,3.0,0.0,0.0,0.0,3.0,0.0,0.0,0.0,3.0,0.0,0.0,0.0,0.0,3.0
143,551,2020-01-20,50.67258,3.183923333,8,95.24,0.0,0.0,3.0,0.0,0.0,3.0,0.0,3.0,0.0,0.0,0.0,3.0,0.0,0.0,0.0,0.0,0.0,0.0,0.0,0.0,0.0,0.0,0.0,0.0,0.0,3.0,3.0,0.0,0.0,0.0,0.0,0.0,0.0,0.0,3.0,0.0,0.0,0.0,0.0,3.0
144,552,2022-02-22,51.00926,2.3011,3,100.0,0.0,0.0,0.0,0.0,0.0,0.0,0.0,3.0,0.0,0.0,0.0,0.0,0.0,0.0,0.0,0.0,0.0,0.0,0.0,0.0,0.0,0.0,0.0,0.0,0.0,0.0,3.0,0.0,0.0,0.0,0.0,0.0,0.0,0.0,0.0,0.0,0.0,0.0,0.0,3.0
145,553,2022-11-30,43.00665,-0.095373333,5,51.69,21.35,21.35,0.0,0.0,0.0,0.0,0.0,3.0,0.0,0.0,3.0,0.0,0.0,0.0,0.0,0.0,0.0,0.0,0.0,0.0,0.0,3.0,0.0,0.0,0.0,0.0,0.0,0.0,0.0,0.0,0.0,0.0,0.0,0.0,0.0,3.0,0.0,0.0,0.0,3.0
146,554,2022-11-29,43.24316667,-0.011396667,5,85.71,0.0,0.0,3.0,0.0,0.0,0.0,0.0,3.0,3.0,3.0,0.0,0.0,0.0,0.0,0.0,0.0,0.0,0.0,0.0,0.0,0.0,0.0,0.0,0.0,0.0,0.0,0.0,0.0,0.0,0.0,3.0,0.0,0.0,0.0,0.0,0.0,0.0,0.0,0.0,0.0
147,555,2023-02-21,45.72572333,3.101253333,16,85.65,15.25,15.25,3.0,0.0,0.0,0.0,0.0,3.0,0.0,0.0,3.0,0.0,3.0,0.0,0.0,3.0,0.0,0.0,3.0,3.0,0.0,3.0,0.0,0.0,0.0,3.0,3.0,3.0,0.0,3.0,0.0,3.0,0.0,0.0,3.0,0.0,0.0,3.0,0.0,3.0
148,556,2023-01-13,45.72591667,3.10123,18,82.7,8.86,8.86,3.0,0.0,0.0,0.0,0.0,3.0,3.0,0.0,3.0,3.0,3.0,0.0,0.0,3.0,0.0,0.0,3.0,3.0,0.0,3.0,0.0,0.0,0.0,3.0,3.0,3.0,0.0,3.0,0.0,3.0,0.0,0.0,3.0,0.0,0.0,3.0,0.0,3.0
149,557,2023-06-06,45.74413333,3.081396667,16,86.13,25.21,25.21,0.0,0.0,0.0,0.0,0.0,3.0,3.0,0.0,3.0,3.0,0.0,0.0,0.0,3.0,0.0,0.0,3.0,3.0,0.0,3.0,3.0,0.0,0.0,3.0,3.0,3.0,0.0,3.0,3.0,3.0,0.0,0.0,3.0,0.0,0.0,0.0,0.0,0.0
150,558,2023-06-19,45.76039,3.09528,3,100.0,0.0,0.0,3.0,0.0,0.0,0.0,0.0,0.0,0.0,0.0,0.0,0.0,0.0,0.0,0.0,0.0,0.0,0.0,0.0,0.0,0.0,0.0,0.0,0.0,0.0,3.0,0.0,0.0,0.0,0.0,0.0,0.0,0.0,0.0,0.0,0.0,0.0,0.0,0.0,3.0
151,559,2023-02-11,45.76548333,3.11583,8,100.0,0.0,0.0,0.0,0.0,0.0,0.0,0.0,3.0,0.0,0.0,0.0,0.0,3.0,0.0,0.0,3.0,0.0,0.0,0.0,0.0,0.0,0.0,0.0,0.0,0.0,3.0,3.0,3.0,0.0,3.0,0.0,0.0,0.0,0.0,0.0,0.0,0.0,0.0,0.0,3.0
152,560,2023-04-19,45.77891333,3.064236667,5,100.0,0.0,0.0,0.0,0.0,0.0,0.0,0.0,3.0,0.0,0.0,0.0,0.0,0.0,0.0,0.0,3.0,0.0,0.0,0.0,0.0,0.0,0.0,0.0,0.0,0.0,3.0,3.0,0.0,0.0,0.0,0.0,0.0,0.0,0.0,0.0,0.0,0.0,0.0,0.0,3.0
153,561,2023-01-23,45.82279333,1.241,12,29.66,11.02,11.02,3.0,0.0,3.0,0.0,0.0,0.0,0.0,0.0,3.0,3.0,0.0,3.0,0.0,3.0,0.0,0.0,0.0,3.0,0.0,3.0,0.0,3.0,0.0,0.0,3.0,3.0,0.0,0.0,0.0,0.0,0.0,0.0,3.0,0.0,0.0,0.0,0.0,0.0
154,562,2023-02-21,45.85292333,1.254866667,18,65.67,16.31,16.31,3.0,0.0,3.0,0.0,0.0,3.0,0.0,0.0,3.0,3.0,0.0,3.0,3.0,3.0,0.0,0.0,3.0,0.0,0.0,3.0,0.0,3.0,0.0,0.0,3.0,3.0,0.0,0.0,3.0,0.0,0.0,0.0,3.0,0.0,3.0,3.0,0.0,3.0
155,563,2023-03-24,46.0,-1.0,7,95.57,3.16,3.16,3.0,0.0,0.0,0.0,0.0,0.0,0.0,3.0,3.0,0.0,0.0,0.0,0.0,0.0,0.0,3.0,0.0,0.0,0.0,0.0,0.0,0.0,3.0,0.0,3.0,0.0,0.0,0.0,0.0,0.0,0.0,0.0,0.0,0.0,0.0,0.0,0.0,3.0
156,564,2023-03-21,46.01015333,-1.176333333,5,36.84,15.79,15.79,0.0,0.0,0.0,0.0,0.0,3.0,0.0,3.0,0.0,0.0,0.0,0.0,0.0,0.0,0.0,0.0,0.0,0.0,0.0,0.0,0.0,0.0,3.0,3.0,0.0,0.0,0.0,0.0,0.0,0.0,0.0,0.0,0.0,0.0,3.0,0.0,0.0,0.0
157,565,2023-03-21,46.01048333,-1.174823333,8,77.27,11.36,11.36,3.0,3.0,0.0,0.0,0.0,0.0,0.0,0.0,0.0,0.0,3.0,0.0,0.0,0.0,0.0,0.0,3.0,0.0,0.0,0.0,0.0,0.0,3.0,0.0,3.0,0.0,0.0,3.0,0.0,0.0,0.0,0.0,0.0,0.0,0.0,0.0,0.0,3.0
158,566,2023-03-21,46.01080667,-1.17418,7,71.2,18.4,18.4,3.0,3.0,0.0,0.0,0.0,0.0,0.0,0.0,0.0,0.0,3.0,0.0,0.0,0.0,0.0,0.0,3.0,3.0,0.0,0.0,0.0,0.0,3.0,0.0,0.0,0.0,0.0,0.0,0.0,0.0,0.0,0.0,0.0,0.0,0.0,0.0,0.0,3.0
159,567,2023-03-21,46.01079667,-1.174226667,5,93.48,0.0,0.0,3.0,0.0,0.0,0.0,0.0,0.0,0.0,3.0,0.0,0.0,3.0,0.0,0.0,0.0,0.0,0.0,0.0,0.0,0.0,0.0,0.0,0.0,0.0,0.0,3.0,0.0,0.0,0.0,0.0,0.0,0.0,0.0,0.0,0.0,0.0,0.0,0.0,3.0
160,568,2023-03-21,46.01273667,-1.173293333,8,65.45,0.0,0.0,3.0,0.0,0.0,0.0,0.0,0.0,0.0,3.0,0.0,0.0,3.0,0.0,0.0,0.0,0.0,0.0,0.0,0.0,0.0,0.0,0.0,3.0,0.0,0.0,0.0,3.0,3.0,0.0,0.0,0.0,0.0,0.0,3.0,0.0,0.0,0.0,0.0,3.0
161,569,2023-03-21,46.01334667,-1.174926667,8,54.0,6.0,6.0,3.0,0.0,0.0,0.0,0.0,0.0,0.0,3.0,0.0,0.0,0.0,0.0,0.0,3.0,0.0,3.0,0.0,0.0,0.0,3.0,0.0,0.0,0.0,0.0,0.0,0.0,3.0,0.0,0.0,0.0,0.0,0.0,0.0,0.0,3.0,0.0,0.0,3.0
162,570,2023-03-23,46.01637,-1.174253333,7,58.54,0.0,0.0,3.0,0.0,0.0,0.0,0.0,0.0,0.0,0.0,0.0,3.0,0.0,0.0,0.0,0.0,0.0,0.0,0.0,0.0,0.0,0.0,0.0,0.0,0.0,0.0,0.0,3.0,3.0,0.0,0.0,0.0,0.0,0.0,0.0,3.0,3.0,0.0,0.0,3.0
163,571,2023-03-23,46.01974333,-1.173513333,4,98.2,0.0,0.0,3.0,0.0,0.0,0.0,0.0,0.0,0.0,0.0,0.0,0.0,0.0,0.0,0.0,0.0,0.0,0.0,0.0,0.0,0.0,0.0,0.0,0.0,0.0,3.0,0.0,0.0,0.0,0.0,0.0,0.0,3.0,0.0,0.0,0.0,3.0,0.0,0.0,0.0
164,572,2023-03-23,46.01988,-1.1735,8,93.14,1.14,1.14,3.0,0.0,3.0,0.0,0.0,3.0,0.0,3.0,3.0,0.0,0.0,0.0,3.0,0.0,0.0,0.0,0.0,0.0,0.0,0.0,0.0,0.0,0.0,0.0,3.0,0.0,0.0,0.0,0.0,0.0,0.0,0.0,0.0,0.0,0.0,0.0,0.0,3.0
165,573,2023-03-22,46.01990667,-1.17349,8,68.87,6.62,6.62,3.0,0.0,3.0,0.0,0.0,0.0,0.0,0.0,3.0,0.0,0.0,0.0,0.0,0.0,0.0,0.0,0.0,0.0,0.0,0.0,0.0,0.0,0.0,0.0,3.0,0.0,3.0,0.0,0.0,0.0,3.0,0.0,0.0,0.0,3.0,0.0,0.0,3.0
166,574,2023-03-24,46.01994,-1.173493333,5,93.71,0.0,0.0,3.0,0.0,0.0,0.0,0.0,0.0,0.0,0.0,0.0,0.0,0.0,0.0,0.0,3.0,0.0,0.0,0.0,0.0,0.0,0.0,0.0,0.0,0.0,0.0,3.0,0.0,0.0,0.0,0.0,0.0,0.0,0.0,0.0,3.0,0.0,0.0,0.0,3.0
167,575,2023-03-23,46.02,-1.17353,5,65.48,0.0,0.0,3.0,0.0,3.0,0.0,3.0,0.0,0.0,0.0,0.0,0.0,0.0,0.0,0.0,0.0,0.0,0.0,0.0,0.0,0.0,0.0,0.0,0.0,0.0,0.0,3.0,0.0,0.0,0.0,0.0,0.0,0.0,0.0,0.0,0.0,0.0,0.0,0.0,3.0
168,576,2023-03-22,46.02311333,-1.17279,3,32.97,0.0,0.0,0.0,0.0,0.0,0.0,0.0,0.0,0.0,3.0,0.0,0.0,0.0,0.0,0.0,0.0,0.0,0.0,0.0,0.0,0.0,0.0,0.0,0.0,0.0,0.0,0.0,0.0,0.0,0.0,0.0,0.0,0.0,0.0,0.0,3.0,0.0,0.0,0.0,3.0
169,577,2023-03-22,46.02372333,-1.17269,9,66.43,0.0,0.0,3.0,0.0,0.0,0.0,0.0,0.0,3.0,3.0,0.0,0.0,0.0,0.0,0.0,3.0,0.0,3.0,0.0,0.0,0.0,0.0,0.0,0.0,0.0,0.0,3.0,0.0,0.0,3.0,0.0,0.0,0.0,0.0,0.0,0.0,3.0,0.0,0.0,3.0
170,578,2023-03-24,46.02452667,-1.166016667,5,70.59,0.0,0.0,0.0,0.0,0.0,0.0,0.0,0.0,0.0,3.0,0.0,0.0,0.0,0.0,0.0,0.0,0.0,0.0,0.0,0.0,0.0,0.0,3.0,0.0,0.0,0.0,0.0,0.0,0.0,0.0,0.0,0.0,0.0,0.0,3.0,0.0,3.0,0.0,0.0,3.0
171,579,2023-03-22,46.02492333,-1.16665,4,23.33,66.67,66.67,3.0,0.0,0.0,0.0,0.0,0.0,0.0,3.0,0.0,0.0,0.0,0.0,0.0,3.0,3.0,0.0,0.0,0.0,0.0,0.0,0.0,0.0,0.0,0.0,0.0,0.0,0.0,0.0,0.0,0.0,0.0,0.0,0.0,0.0,0.0,0.0,0.0,0.0
172,580,2023-06-03,46.98972667,5.859763333,10,28.06,37.41,37.41,3.0,0.0,0.0,0.0,0.0,0.0,0.0,0.0,0.0,3.0,0.0,0.0,0.0,3.0,3.0,3.0,3.0,0.0,0.0,0.0,3.0,3.0,3.0,0.0,0.0,0.0,0.0,0.0,0.0,0.0,0.0,0.0,3.0,0.0,0.0,0.0,0.0,0.0
173,581,2023-04-29,48.10411667,-1.649343333,11,74.02,13.73,13.73,3.0,0.0,0.0,0.0,0.0,3.0,3.0,0.0,3.0,3.0,0.0,0.0,0.0,3.0,3.0,0.0,0.0,0.0,0.0,0.0,3.0,0.0,3.0,0.0,3.0,0.0,0.0,0.0,0.0,0.0,0.0,0.0,0.0,0.0,0.0,0.0,0.0,3.0
174,582,2023-04-15,48.12436,-1.643933333,12,45.98,0.0,0.0,3.0,0.0,6.0,3.0,3.0,3.0,0.0,0.0,0.0,0.0,0.0,0.0,3.0,0.0,0.0,0.0,0.0,0.0,0.0,0.0,0.0,3.0,0.0,0.0,3.0,3.0,0.0,0.0,0.0,0.0,0.0,0.0,0.0,0.0,3.0,0.0,0.0,3.0
175,583,2023-02-17,48.83852,2.4262,8,83.33,0.0,0.0,3.0,0.0,0.0,0.0,0.0,3.0,3.0,3.0,0.0,0.0,0.0,0.0,0.0,0.0,0.0,0.0,0.0,0.0,0.0,0.0,3.0,3.0,0.0,0.0,0.0,3.0,0.0,0.0,0.0,0.0,0.0,0.0,3.0,0.0,0.0,0.0,0.0,0.0
176,584,2023-02-17,48.83981,2.427453333,4,45.28,0.0,0.0,3.0,0.0,0.0,0.0,0.0,0.0,0.0,3.0,0.0,0.0,0.0,0.0,0.0,0.0,0.0,0.0,0.0,0.0,0.0,0.0,3.0,0.0,0.0,3.0,0.0,0.0,0.0,0.0,0.0,0.0,0.0,0.0,0.0,0.0,0.0,0.0,0.0,0.0
177,585,2023-02-17,48.83991,2.430153333,4,12.2,0.0,0.0,3.0,0.0,3.0,0.0,0.0,0.0,0.0,3.0,0.0,0.0,0.0,0.0,0.0,0.0,0.0,0.0,0.0,0.0,0.0,0.0,0.0,0.0,0.0,0.0,0.0,0.0,0.0,0.0,0.0,0.0,0.0,0.0,0.0,0.0,3.0,0.0,0.0,0.0
178,586,2023-02-17,48.84006667,2.430056667,3,7.14,0.0,0.0,3.0,0.0,3.0,0.0,0.0,0.0,0.0,3.0,0.0,0.0,0.0,0.0,0.0,0.0,0.0,0.0,0.0,0.0,0.0,0.0,0.0,0.0,0.0,0.0,0.0,0.0,0.0,0.0,0.0,0.0,0.0,0.0,0.0,0.0,0.0,0.0,0.0,0.0
179,587,2023-02-13,48.84007,2.428493333,7,93.64,0.91,0.91,3.0,0.0,3.0,0.0,0.0,0.0,0.0,3.0,0.0,0.0,0.0,0.0,0.0,0.0,0.0,0.0,0.0,0.0,0.0,3.0,3.0,0.0,0.0,0.0,0.0,0.0,0.0,0.0,0.0,0.0,0.0,0.0,3.0,0.0,0.0,0.0,0.0,3.0
180,588,2023-02-17,48.84029,2.426333333,8,41.07,1.79,1.79,0.0,0.0,0.0,0.0,0.0,0.0,0.0,3.0,0.0,0.0,0.0,0.0,0.0,3.0,3.0,0.0,0.0,3.0,0.0,0.0,3.0,0.0,0.0,3.0,3.0,0.0,0.0,0.0,0.0,0.0,0.0,0.0,3.0,0.0,0.0,0.0,0.0,0.0
181,589,2023-02-13,48.84054,2.431566667,11,52.86,19.52,19.52,3.0,0.0,0.0,3.0,0.0,0.0,3.0,3.0,0.0,0.0,0.0,0.0,0.0,0.0,3.0,0.0,0.0,0.0,0.0,0.0,3.0,3.0,3.0,0.0,3.0,3.0,0.0,0.0,3.0,0.0,0.0,0.0,0.0,0.0,0.0,0.0,0.0,0.0
182,590,2023-02-13,48.84052667,2.42789,8,98.43,22.83,22.83,3.0,0.0,0.0,0.0,0.0,0.0,0.0,0.0,0.0,0.0,0.0,0.0,0.0,0.0,0.0,0.0,0.0,0.0,0.0,3.0,3.0,0.0,0.0,0.0,3.0,0.0,0.0,0.0,0.0,0.0,0.0,0.0,3.0,3.0,0.0,3.0,0.0,3.0
183,591,2023-02-17,48.84064667,2.432853333,10,63.44,10.75,10.75,0.0,0.0,0.0,0.0,3.0,3.0,0.0,0.0,0.0,3.0,0.0,0.0,0.0,0.0,0.0,0.0,3.0,0.0,0.0,3.0,0.0,0.0,3.0,0.0,0.0,0.0,0.0,0.0,3.0,0.0,0.0,0.0,3.0,0.0,3.0,0.0,0.0,3.0
184,592,2023-02-13,48.84078667,2.427476667,3,100.0,0.0,0.0,3.0,0.0,0.0,0.0,0.0,3.0,0.0,0.0,0.0,0.0,0.0,0.0,0.0,0.0,0.0,0.0,0.0,0.0,0.0,0.0,0.0,0.0,0.0,0.0,0.0,0.0,0.0,0.0,3.0,0.0,0.0,0.0,0.0,0.0,0.0,0.0,0.0,0.0
185,593,2023-02-13,48.84073667,2.430163333,10,87.1,1.61,1.61,0.0,3.0,0.0,0.0,0.0,3.0,0.0,3.0,0.0,0.0,0.0,0.0,0.0,0.0,0.0,0.0,3.0,3.0,0.0,0.0,0.0,0.0,0.0,0.0,0.0,0.0,3.0,0.0,3.0,0.0,0.0,0.0,3.0,0.0,0.0,0.0,3.0,3.0
186,594,2023-02-17,48.8409,2.430596667,6,94.74,0.0,0.0,3.0,0.0,0.0,0.0,0.0,3.0,0.0,3.0,0.0,0.0,0.0,0.0,0.0,3.0,0.0,0.0,0.0,0.0,0.0,0.0,0.0,0.0,0.0,0.0,3.0,0.0,0.0,0.0,0.0,0.0,0.0,0.0,0.0,0.0,0.0,0.0,0.0,3.0
187,595,2023-02-13,48.84086,2.427996667,7,89.58,0.0,0.0,0.0,0.0,0.0,3.0,0.0,3.0,0.0,0.0,0.0,0.0,0.0,0.0,0.0,0.0,0.0,0.0,0.0,0.0,0.0,0.0,3.0,3.0,0.0,3.0,3.0,0.0,0.0,0.0,0.0,0.0,0.0,0.0,3.0,0.0,0.0,0.0,0.0,0.0
188,596,2023-02-17,48.84095333,2.431116667,8,100.0,4.85,4.85,0.0,0.0,0.0,0.0,0.0,3.0,0.0,0.0,0.0,0.0,3.0,0.0,3.0,0.0,0.0,0.0,0.0,0.0,0.0,3.0,3.0,0.0,0.0,0.0,3.0,0.0,0.0,0.0,0.0,0.0,0.0,0.0,3.0,0.0,0.0,0.0,0.0,3.0
189,597,2023-02-24,48.84531,2.337293333,3,100.0,0.0,0.0,3.0,0.0,0.0,0.0,0.0,0.0,0.0,0.0,0.0,0.0,0.0,0.0,0.0,0.0,0.0,0.0,0.0,0.0,0.0,0.0,3.0,0.0,0.0,0.0,0.0,0.0,0.0,0.0,0.0,0.0,0.0,0.0,3.0,0.0,0.0,0.0,0.0,0.0
190,598,2023-02-24,48.84618,2.33607,3,68.09,0.0,0.0,0.0,0.0,3.0,0.0,0.0,0.0,0.0,0.0,0.0,0.0,0.0,0.0,0.0,0.0,0.0,0.0,0.0,0.0,0.0,0.0,0.0,0.0,0.0,0.0,0.0,0.0,0.0,0.0,0.0,0.0,0.0,0.0,3.0,0.0,0.0,0.0,0.0,3.0
191,599,2023-02-24,48.84681,2.334243333,5,96.27,0.0,0.0,0.0,0.0,0.0,0.0,0.0,3.0,0.0,0.0,0.0,3.0,0.0,0.0,0.0,0.0,0.0,0.0,0.0,0.0,0.0,0.0,0.0,0.0,0.0,3.0,0.0,0.0,0.0,0.0,0.0,0.0,0.0,0.0,3.0,0.0,0.0,0.0,0.0,3.0
192,600,2023-02-24,48.84727,2.335253333,4,100.0,6.25,6.25,3.0,0.0,0.0,0.0,0.0,3.0,0.0,0.0,0.0,0.0,0.0,0.0,0.0,0.0,0.0,0.0,0.0,0.0,0.0,3.0,0.0,0.0,0.0,0.0,0.0,0.0,0.0,0.0,3.0,0.0,0.0,0.0,0.0,0.0,0.0,0.0,0.0,0.0
193,601,2023-02-24,48.84752667,2.33633,5,53.85,46.15,46.15,0.0,0.0,0.0,0.0,0.0,0.0,0.0,0.0,3.0,0.0,0.0,0.0,0.0,3.0,0.0,0.0,0.0,0.0,0.0,0.0,0.0,0.0,0.0,0.0,3.0,0.0,0.0,0.0,0.0,0.0,0.0,0.0,3.0,0.0,0.0,0.0,0.0,3.0
194,602,2023-02-24,48.84762333,2.338446667,2,100.0,0.0,0.0,3.0,0.0,0.0,0.0,0.0,0.0,0.0,0.0,0.0,0.0,0.0,0.0,0.0,0.0,0.0,0.0,0.0,0.0,0.0,0.0,0.0,0.0,0.0,0.0,0.0,0.0,0.0,0.0,0.0,0.0,0.0,0.0,3.0,0.0,0.0,0.0,0.0,0.0
195,603,2023-05-27,50.23862333,4.452656667,2,0.0,35.29,35.29,0.0,0.0,3.0,0.0,0.0,0.0,0.0,0.0,0.0,0.0,0.0,0.0,0.0,0.0,3.0,0.0,0.0,0.0,0.0,0.0,0.0,0.0,0.0,0.0,0.0,0.0,0.0,0.0,0.0,0.0,0.0,0.0,0.0,0.0,0.0,0.0,0.0,0.0
196,604,2023-05-22,50.37596,4.439063333,2,44.44,55.56,55.56,3.0,0.0,0.0,0.0,0.0,0.0,0.0,0.0,0.0,0.0,0.0,0.0,0.0,0.0,3.0,0.0,0.0,0.0,0.0,0.0,0.0,0.0,0.0,0.0,0.0,0.0,0.0,0.0,0.0,0.0,0.0,0.0,0.0,0.0,0.0,0.0,0.0,0.0
197,605,2023-03-03,50.41310667,4.211433333,4,95.31,0.0,0.0,0.0,0.0,0.0,0.0,0.0,0.0,0.0,0.0,0.0,0.0,0.0,0.0,0.0,3.0,0.0,0.0,0.0,0.0,0.0,0.0,0.0,0.0,0.0,0.0,3.0,0.0,0.0,0.0,0.0,0.0,0.0,0.0,0.0,3.0,0.0,0.0,0.0,3.0
198,606,2023-03-21,50.47189,4.4363,6,86.52,13.48,13.48,0.0,0.0,0.0,0.0,0.0,3.0,0.0,0.0,0.0,0.0,0.0,0.0,0.0,0.0,3.0,0.0,3.0,0.0,0.0,0.0,0.0,0.0,0.0,0.0,3.0,0.0,0.0,0.0,0.0,0.0,0.0,0.0,3.0,0.0,0.0,0.0,0.0,3.0
199,607,2023-03-20,50.47294667,4.438343333,5,100.0,0.0,0.0,0.0,0.0,0.0,0.0,0.0,3.0,0.0,0.0,0.0,0.0,0.0,0.0,0.0,0.0,0.0,0.0,0.0,0.0,0.0,0.0,3.0,0.0,0.0,0.0,3.0,0.0,0.0,0.0,0.0,0.0,0.0,0.0,3.0,0.0,0.0,0.0,0.0,3.0
200,608,2023-05-20,50.56556333,4.267293333,3,51.82,0.0,0.0,3.0,0.0,0.0,0.0,0.0,0.0,0.0,3.0,0.0,0.0,0.0,0.0,0.0,0.0,0.0,0.0,0.0,0.0,0.0,0.0,3.0,0.0,0.0,0.0,0.0,0.0,0.0,0.0,0.0,0.0,0.0,0.0,0.0,0.0,0.0,0.0,0.0,0.0
201,609,2023-02-27,50.70301667,3.303433333,5,76.12,0.0,0.0,3.0,0.0,3.0,0.0,0.0,0.0,0.0,0.0,0.0,0.0,0.0,0.0,0.0,3.0,0.0,0.0,0.0,0.0,0.0,0.0,0.0,0.0,0.0,0.0,3.0,0.0,0.0,0.0,0.0,0.0,0.0,0.0,0.0,0.0,0.0,0.0,0.0,3.0
202,610,2023-02-27,50.82704333,4.26898,7,82.35,0.0,0.0,3.0,0.0,3.0,0.0,0.0,3.0,0.0,3.0,0.0,0.0,0.0,0.0,3.0,0.0,0.0,0.0,0.0,0.0,0.0,0.0,0.0,0.0,0.0,0.0,3.0,0.0,0.0,0.0,0.0,0.0,0.0,0.0,0.0,0.0,0.0,0.0,0.0,3.0
