,lon,lat,region,speciesId,year,LandCover
422675,3.75032,45.65384,CONTINENTAL,3792.0,2018,5.0
526989,2.0453,43.00087,MEDITERRANEAN,963.0,2017,5.0
1369814,7.24875,48.88936,CONTINENTAL,7322.0,2018,8.0
510854,0.88888,45.1855,ATLANTIC,5071.0,2018,8.0
33557,3.90835,44.89594,CONTINENTAL,4609.0,2018,9.0
415352,6.67509,43.7651,MEDITERRANEAN,2885.0,2019,8.0
1168007,6.40021,49.20926,CONTINENTAL,8151.0,2018,5.0
1402995,-1.82612,47.7835,ATLANTIC,981.0,2018,12.0
681748,5.03559,47.79058,CONTINENTAL,6827.0,2019,8.0
448566,-1.03141,44.53168,ATLANTIC,6331.0,2019,8.0
546125,5.029856,43.337711,MEDITERRANEAN,10950.0,2017,10.0
466821,-0.81163,47.34722,ATLANTIC,9647.0,2017,14.0
312945,5.115049,43.505003,MEDITERRANEAN,7278.0,2017,10.0
1130503,3.8973,44.50029,CONTINENTAL,5542.0,2018,9.0
364777,1.31671,45.44216,CONTINENTAL,5745.0,2017,9.0
884381,4.8615,44.69831,MEDITERRANEAN,9190.0,2017,8.0
1438516,3.788498,43.664392,MEDITERRANEAN,6548.0,2021,9.0
521112,-1.03298,46.65664,ATLANTIC,3935.0,2018,14.0
932764,7.123796,43.755986,MEDITERRANEAN,8424.0,2021,9.0
566913,6.84256,47.98693,CONTINENTAL,3177.0,2018,5.0
632474,5.781197,43.743452,MEDITERRANEAN,4653.0,2017,10.0
816062,4.78659,43.394391,MEDITERRANEAN,6643.0,2017,16.0
149487,3.90321,45.61581,CONTINENTAL,8807.0,2018,5.0
1450604,6.64217,49.14682,CONTINENTAL,4609.0,2018,9.0
112375,6.15046,48.80361,CONTINENTAL,5400.0,2017,4.0
1163565,5.58563,43.169617,MEDITERRANEAN,5474.0,2018,8.0
960013,6.11913,44.89912,ALPINE,10648.0,2018,16.0
634936,6.52579,43.1904,MEDITERRANEAN,2109.0,2020,8.0
951443,0.66948,49.10473,ATLANTIC,6331.0,2018,12.0
1316726,3.429375,44.09282,MEDITERRANEAN,10600.0,2021,5.0
291707,-0.41091,45.73706,ATLANTIC,868.0,2018,14.0
908682,1.93197,45.19421,CONTINENTAL,963.0,2019,4.0
407073,6.42069,47.39001,CONTINENTAL,9669.0,2017,9.0
791126,7.15418,44.02652,MEDITERRANEAN,11157.0,2019,8.0
1304354,1.30811,43.15804,ATLANTIC,4342.0,2019,14.0
234560,-0.33453,47.34123,ATLANTIC,981.0,2017,14.0
919401,1.54526,47.3334,ATLANTIC,1654.0,2017,1.0
252242,2.00612,49.83449,ATLANTIC,9647.0,2017,12.0
834745,5.05196,43.3313,MEDITERRANEAN,1176.0,2021,17.0
436938,1.3685,46.86422,ATLANTIC,540.0,2017,5.0
1350490,0.90732,49.41333,ATLANTIC,976.0,2018,5.0
176869,3.928053,44.131642,MEDITERRANEAN,8208.0,2017,1.0
190397,2.79075,47.53311,ATLANTIC,10247.0,2017,12.0
169686,7.138804,43.723743,MEDITERRANEAN,1677.0,2018,8.0
394076,6.27381,47.19696,CONTINENTAL,2482.0,2018,9.0
505060,4.0006,43.74335,MEDITERRANEAN,9636.0,2017,9.0
1422183,-1.39026,49.56194,ATLANTIC,1654.0,2017,9.0
440883,1.975556,42.865389,ALPINE,6079.0,2018,9.0
1383494,6.37705,49.26402,CONTINENTAL,1964.0,2017,4.0
548651,6.23832,43.35,MEDITERRANEAN,3109.0,2020,8.0
1252071,1.18253,44.52328,ATLANTIC,4609.0,2018,9.0
217715,7.32843,43.730142,MEDITERRANEAN,1254.0,2017,8.0
1454813,5.9201,46.65015,CONTINENTAL,4238.0,2019,5.0
40677,6.85389,43.73396,MEDITERRANEAN,8642.0,2019,10.0
1321316,7.16912,43.9365,MEDITERRANEAN,11013.0,2017,8.0
152057,7.417005,43.945987,ALPINE,8512.0,2018,8.0
1193611,4.030131,43.85351,MEDITERRANEAN,2421.0,2021,1.0
1419291,5.83727,47.39113,CONTINENTAL,8208.0,2017,4.0
216490,7.38571,48.61343,CONTINENTAL,6989.0,2019,5.0
15334,0.01663,45.96274,ATLANTIC,2474.0,2017,12.0
401590,4.92969,46.17285,CONTINENTAL,6079.0,2018,14.0
471313,5.81036,46.97774,CONTINENTAL,7862.0,2018,9.0
196227,2.57139,51.06394,ATLANTIC,8807.0,2020,12.0
912067,3.65433,44.199541,MEDITERRANEAN,981.0,2017,8.0
1354182,5.47939,45.81676,CONTINENTAL,10991.0,2018,9.0
196650,6.89936,43.441406,MEDITERRANEAN,2485.0,2018,17.0
733610,2.74345,44.81641,CONTINENTAL,3479.0,2018,9.0
982259,6.87346,48.34601,CONTINENTAL,1424.0,2018,5.0
338453,3.493889,43.921544,MEDITERRANEAN,5412.0,2021,9.0
109351,5.72408,46.02577,CONTINENTAL,9858.0,2018,9.0
492179,4.72634,45.07927,MEDITERRANEAN,4341.0,2019,8.0
762051,6.46008,43.1609,MEDITERRANEAN,10947.0,2020,10.0
1402433,3.48425,43.96582,MEDITERRANEAN,9636.0,2017,5.0
1198,-3.03003,48.58143,ATLANTIC,3958.0,2017,14.0
201989,5.35379,45.87422,CONTINENTAL,140.0,2017,9.0
1032280,6.99555,48.50335,CONTINENTAL,1495.0,2019,1.0
1341118,-0.97618,44.87544,ATLANTIC,3297.0,2019,8.0
1385458,3.29115,44.32736,CONTINENTAL,5557.0,2019,9.0
697334,3.817695,43.602669,MEDITERRANEAN,5882.0,2020,9.0
1161741,2.46411,44.22353,CONTINENTAL,8151.0,2018,8.0
481542,4.549012,43.455199,MEDITERRANEAN,5016.0,2017,16.0
981750,5.801665,43.743206,MEDITERRANEAN,9053.0,2017,9.0
1369815,7.24875,48.88936,CONTINENTAL,8151.0,2018,8.0
1479554,5.41359,49.23863,CONTINENTAL,53.0,2018,5.0
151144,3.52259,49.38004,ATLANTIC,5704.0,2017,8.0
1389739,2.018778,42.819667,MEDITERRANEAN,10514.0,2018,9.0
735269,-0.16586,45.43676,ATLANTIC,5071.0,2017,12.0
133750,6.49024,45.89792,ALPINE,4267.0,2018,10.0
1483371,5.36713,48.91609,CONTINENTAL,1889.0,2018,8.0
755608,3.68259,46.03259,CONTINENTAL,8428.0,2018,5.0
9759,6.0976,43.031909,MEDITERRANEAN,9513.0,2017,11.0
84603,4.81167,48.71311,CONTINENTAL,5114.0,2017,5.0
1306023,6.97616,47.6754,CONTINENTAL,963.0,2017,9.0
255836,3.63606,48.42611,CONTINENTAL,2474.0,2018,12.0
1265754,6.02027,43.1218,MEDITERRANEAN,7540.0,2019,10.0
835542,5.10966,48.18477,CONTINENTAL,9204.0,2017,12.0
53302,3.217108,43.462851,MEDITERRANEAN,11157.0,2021,9.0
1284876,9.1337,42.00999,MEDITERRANEAN,2025.0,2017,10.0
1272639,6.50063,43.19,MEDITERRANEAN,4745.0,2020,2.0
1438899,6.52087,47.31437,CONTINENTAL,2474.0,2018,9.0
319873,6.62652,47.31049,CONTINENTAL,7971.0,2018,4.0
266058,6.62709,47.97702,CONTINENTAL,2788.0,2017,9.0
1154086,7.083306,43.629252,MEDITERRANEAN,540.0,2018,8.0
481379,3.91833,47.03737,CONTINENTAL,4513.0,2019,9.0
285762,3.264431,43.230637,MEDITERRANEAN,10347.0,2020,11.0
1091134,2.89384,44.68983,CONTINENTAL,10268.0,2018,9.0
1179139,6.96542,48.77467,CONTINENTAL,8424.0,2017,8.0
1385405,0.52539,46.18805,ATLANTIC,8512.0,2018,12.0
392144,5.33631,47.4412,CONTINENTAL,8180.0,2018,12.0
221594,4.95557,47.25243,CONTINENTAL,9190.0,2017,8.0
755302,5.92981,47.19018,CONTINENTAL,1888.0,2018,9.0
812363,2.96046,46.14686,CONTINENTAL,544.0,2018,9.0
1439440,3.348991,43.271653,MEDITERRANEAN,5203.0,2020,17.0
1411937,0.3576,46.52723,ATLANTIC,868.0,2019,9.0
410084,5.41946,47.96107,CONTINENTAL,9261.0,2018,14.0
295238,0.82203,42.97257,ATLANTIC,3550.0,2019,4.0
466003,6.02895,48.62748,CONTINENTAL,1964.0,2018,4.0
1400322,1.65253,45.15685,CONTINENTAL,1888.0,2017,8.0
509458,3.91486,44.23021,MEDITERRANEAN,2386.0,2019,5.0
207894,4.450522,43.459801,MEDITERRANEAN,3438.0,2018,17.0
889729,2.13342,45.77052,CONTINENTAL,53.0,2018,9.0
571969,5.78226,43.66536,MEDITERRANEAN,4530.0,2018,8.0
634564,9.19722,41.9338,MEDITERRANEAN,963.0,2018,5.0
675571,1.78468,44.65387,ATLANTIC,6909.0,2018,9.0
710555,5.032788,43.33555,MEDITERRANEAN,9528.0,2017,10.0
1441248,-4.67405,48.47723,ATLANTIC,8151.0,2018,14.0
1108116,2.43875,44.02575,ATLANTIC,4871.0,2018,9.0
1150202,1.22282,45.02742,ATLANTIC,2386.0,2019,8.0
1051288,9.10592,41.56156,MEDITERRANEAN,10073.0,2017,1.0
739855,5.0544,44.2073,MEDITERRANEAN,7504.0,2020,8.0
1383331,4.854356,43.66434,MEDITERRANEAN,4229.0,2018,10.0
702747,5.56683,49.05475,CONTINENTAL,1793.0,2019,4.0
521949,1.72618,47.71228,ATLANTIC,4077.0,2017,4.0
797051,-0.53772,43.73596,ATLANTIC,5071.0,2017,14.0
525901,4.12856,50.18091,ATLANTIC,10385.0,2017,9.0
1031656,5.623808,43.321258,MEDITERRANEAN,1736.0,2018,8.0
591147,4.14393,44.35259,MEDITERRANEAN,2386.0,2019,5.0
307255,3.29054,44.29139,CONTINENTAL,3572.0,2018,8.0
212168,-0.91053,43.31166,ATLANTIC,581.0,2017,14.0
1435893,-0.28165,44.10225,ATLANTIC,5618.0,2018,8.0
1023055,5.51055,46.35614,CONTINENTAL,1538.0,2018,5.0
276657,6.50273,43.1604,MEDITERRANEAN,8921.0,2021,1.0
968485,2.74241,44.6725,CONTINENTAL,9892.0,2019,9.0
140650,2.73044,42.96461,MEDITERRANEAN,6235.0,2019,2.0
885619,2.14735,49.18808,ATLANTIC,8208.0,2018,12.0
1382105,5.14325,48.30993,CONTINENTAL,8512.0,2019,4.0
134890,6.1252,48.08438,CONTINENTAL,6989.0,2018,4.0
1201930,0.36618,45.57341,ATLANTIC,2852.0,2019,8.0
1258679,5.18822,44.67233,MEDITERRANEAN,10909.0,2017,8.0
926087,0.55187,45.37856,ATLANTIC,8542.0,2018,9.0
1441741,6.55805,48.78984,CONTINENTAL,10367.0,2017,12.0
1435803,1.32592,44.93846,ATLANTIC,8208.0,2018,8.0
111122,5.41889,45.65637,CONTINENTAL,1888.0,2019,14.0
1125695,3.623391,43.626862,MEDITERRANEAN,3935.0,2021,8.0
1051213,5.4478,48.89602,CONTINENTAL,1986.0,2018,10.0
1436809,-4.56326,48.05052,ATLANTIC,7536.0,2018,14.0
4927,6.63441,48.06681,CONTINENTAL,9647.0,2017,5.0
343062,3.84378,49.07091,ATLANTIC,7971.0,2018,12.0
660638,7.3059,48.34657,CONTINENTAL,10683.0,2017,8.0
1353511,3.687736,43.810912,MEDITERRANEAN,6643.0,2018,8.0
195271,-0.46168,43.19839,ATLANTIC,9647.0,2019,5.0
738975,2.25991,47.24613,ATLANTIC,9669.0,2018,4.0
840169,5.6357,43.27416,MEDITERRANEAN,3251.0,2017,8.0
1139671,0.5328,45.18029,ATLANTIC,4498.0,2018,9.0
798238,6.50202,43.67605,MEDITERRANEAN,7706.0,2018,9.0
727529,0.76871,43.13354,ATLANTIC,5022.0,2019,14.0
114001,1.28578,44.38042,ATLANTIC,8784.0,2018,9.0
1260944,2.48749,43.61219,CONTINENTAL,1888.0,2017,5.0
1141399,3.778818,43.665319,MEDITERRANEAN,1941.0,2020,9.0
731710,5.91155,43.35529,MEDITERRANEAN,2932.0,2017,9.0
1215818,6.803699,43.699591,MEDITERRANEAN,10073.0,2021,8.0
1228545,0.52188,43.95671,ATLANTIC,5412.0,2018,12.0
1439779,5.62408,46.08276,CONTINENTAL,10274.0,2018,5.0
83042,4.22964,45.41279,CONTINENTAL,10600.0,2018,4.0
1353515,3.687736,43.810912,MEDITERRANEAN,5219.0,2018,8.0
481736,1.13341,44.46879,ATLANTIC,11013.0,2017,8.0
600056,0.42252,48.38177,ATLANTIC,10385.0,2018,9.0
1209105,3.72785,45.78009,CONTINENTAL,6999.0,2018,1.0
1394308,7.084535,43.609951,MEDITERRANEAN,6685.0,2018,13.0
187961,0.47445,47.68099,ATLANTIC,1888.0,2017,12.0
285974,3.92802,44.69775,CONTINENTAL,5403.0,2017,8.0
1139334,3.064873,42.535083,MEDITERRANEAN,5203.0,2018,8.0
712581,6.09583,43.10217,MEDITERRANEAN,1254.0,2020,8.0
1278089,6.45742,43.1671,MEDITERRANEAN,540.0,2020,9.0
1369388,4.29924,45.21362,CONTINENTAL,10684.0,2018,1.0
665825,4.55082,47.69283,CONTINENTAL,6684.0,2018,12.0
482704,7.34681,43.71482,MEDITERRANEAN,6219.0,2017,9.0
1042311,7.110761,43.774225,MEDITERRANEAN,841.0,2020,8.0
503559,4.37822,45.28419,CONTINENTAL,53.0,2018,5.0
412618,1.98385,49.04394,ATLANTIC,9388.0,2018,12.0
1361532,1.50315,50.0296,ATLANTIC,6989.0,2017,12.0
598653,6.51067,48.53947,CONTINENTAL,10385.0,2019,4.0
1143650,-0.76217,48.3206,ATLANTIC,5071.0,2018,14.0
226877,-0.56759,48.21759,ATLANTIC,5071.0,2017,4.0
721634,1.85749,47.92874,ATLANTIC,10247.0,2018,10.0
30511,3.28388,46.8824,CONTINENTAL,5704.0,2017,9.0
170528,6.47887,43.1702,MEDITERRANEAN,7748.0,2020,1.0
1333792,6.65003,47.27358,CONTINENTAL,3581.0,2018,10.0
561423,6.31674,45.28577,ALPINE,8208.0,2018,10.0
1238334,1.10067,48.24695,ATLANTIC,10247.0,2019,12.0
1108485,2.04621,47.67754,ATLANTIC,3067.0,2018,5.0
1447152,7.19857,43.98923,MEDITERRANEAN,1654.0,2017,1.0
1157536,3.76667,47.27328,CONTINENTAL,6557.0,2017,10.0
1266461,7.217534,43.824219,MEDITERRANEAN,8991.0,2021,8.0
712057,5.8516,45.19337,ALPINE,6788.0,2017,8.0
1217486,7.07501,43.7566,MEDITERRANEAN,10073.0,2019,8.0
1479521,-3.53663,48.73763,ATLANTIC,9702.0,2019,14.0
1046484,0.55903,46.74653,ATLANTIC,2756.0,2018,12.0
57141,-4.05034,48.26008,ATLANTIC,10956.0,2018,14.0
32972,2.61772,44.94272,CONTINENTAL,1986.0,2019,9.0
262511,6.47858,43.1689,MEDITERRANEAN,4229.0,2020,9.0
1412276,7.03888,47.781,CONTINENTAL,963.0,2018,5.0
794833,9.52423,42.566539,MEDITERRANEAN,7817.0,2018,9.0
1027330,6.23697,47.0541,CONTINENTAL,963.0,2018,4.0
1165104,4.40288,49.36814,CONTINENTAL,10073.0,2019,12.0
1411851,5.42637,48.53677,CONTINENTAL,4609.0,2018,12.0
267408,3.62361,50.11545,ATLANTIC,2885.0,2017,5.0
1439688,0.03384,44.32527,ATLANTIC,9647.0,2017,8.0
1089755,4.36714,47.76815,CONTINENTAL,9647.0,2018,4.0
421988,6.09602,45.04128,ALPINE,8573.0,2018,9.0
936722,4.676429,43.495949,MEDITERRANEAN,1749.0,2017,9.0
214476,3.348271,43.276652,MEDITERRANEAN,262.0,2017,11.0
623442,3.67075,43.650609,MEDITERRANEAN,2634.0,2021,5.0
1422379,9.20021,41.75349,MEDITERRANEAN,10909.0,2018,1.0
202458,0.50736,45.17988,ATLANTIC,981.0,2018,8.0
435914,5.54899,43.530571,MEDITERRANEAN,10521.0,2017,9.0
509000,2.92105,42.46082,MEDITERRANEAN,5071.0,2018,4.0
1233939,5.94329,45.82083,CONTINENTAL,8151.0,2018,9.0
250510,4.41965,49.78114,CONTINENTAL,7788.0,2018,9.0
414417,1.43118,47.81829,ATLANTIC,2474.0,2019,12.0
209958,-1.23702,45.78583,ATLANTIC,10427.0,2018,17.0
953834,6.3822,47.93172,CONTINENTAL,5189.0,2019,4.0
276569,6.32689,48.61782,CONTINENTAL,10193.0,2019,13.0
180853,3.7647,50.16774,ATLANTIC,10247.0,2017,5.0
819088,-2.464167,47.486944,ATLANTIC,6915.0,2019,9.0
469841,4.41554,47.64134,CONTINENTAL,963.0,2018,4.0
593110,-0.51025,43.68272,ATLANTIC,1888.0,2019,14.0
654297,1.973361,42.75175,ALPINE,10071.0,2018,5.0
1034048,6.48142,43.166,MEDITERRANEAN,8149.0,2020,9.0
709556,1.24464,46.50321,CONTINENTAL,6925.0,2017,9.0
942383,1.73544,44.54569,ATLANTIC,10073.0,2018,9.0
196767,3.972148,43.582623,MEDITERRANEAN,3465.0,2021,13.0
116733,3.829365,44.150777,MEDITERRANEAN,5745.0,2017,8.0
22082,-1.10567,44.51137,ATLANTIC,5618.0,2018,8.0
562941,5.87206,43.91442,MEDITERRANEAN,476.0,2018,9.0
370420,1.34614,45.22651,CONTINENTAL,6788.0,2017,9.0
948002,1.53443,49.81433,ATLANTIC,1085.0,2017,12.0
1253368,3.44237,49.48861,ATLANTIC,2142.0,2017,5.0
1029637,3.82755,47.5604,CONTINENTAL,10909.0,2017,4.0
196432,7.70291,48.52739,CONTINENTAL,1888.0,2018,13.0
897429,2.28648,47.08422,ATLANTIC,7410.0,2018,12.0
1349141,6.000347,43.24315,MEDITERRANEAN,2474.0,2020,8.0
272544,5.27367,49.6736,CONTINENTAL,2398.0,2019,5.0
769518,6.137641,43.032252,MEDITERRANEAN,6666.0,2018,11.0
451658,3.64186,44.32374,MEDITERRANEAN,9669.0,2018,8.0
484628,6.10105,45.49141,ALPINE,3177.0,2017,9.0
790954,3.72715,46.76991,CONTINENTAL,10600.0,2017,9.0
881323,1.67902,45.06705,ATLANTIC,981.0,2018,8.0
1478731,2.878387,43.047919,MEDITERRANEAN,1736.0,2021,9.0
231562,7.116634,43.817863,MEDITERRANEAN,10917.0,2021,9.0
672183,-3.26749,48.01155,ATLANTIC,9669.0,2017,9.0
493853,5.394488,43.303297,MEDITERRANEAN,7644.0,2017,13.0
827826,4.07302,45.30736,CONTINENTAL,4609.0,2019,5.0
1468644,5.54777,47.86761,CONTINENTAL,9647.0,2018,9.0
666727,3.219663,43.458743,MEDITERRANEAN,9702.0,2021,9.0
948719,-1.92424,48.3383,ATLANTIC,963.0,2019,14.0
266830,5.5815,49.28816,CONTINENTAL,9647.0,2018,4.0
1061717,0.34705,45.39309,ATLANTIC,694.0,2018,12.0
981212,4.69066,47.24014,CONTINENTAL,10247.0,2019,4.0
1140519,2.39788,42.89253,MEDITERRANEAN,6313.0,2017,5.0
1350668,3.65114,45.79901,CONTINENTAL,6079.0,2018,1.0
786531,3.86899,48.99869,ATLANTIC,8807.0,2017,12.0
89085,2.23304,47.47998,ATLANTIC,661.0,2017,5.0
31540,3.41436,46.84526,CONTINENTAL,10247.0,2017,9.0
1278404,1.16453,46.59239,ATLANTIC,9636.0,2019,9.0
911652,-4.31591,48.01071,ATLANTIC,9816.0,2018,14.0
276552,6.32689,48.61782,CONTINENTAL,3958.0,2019,13.0
268448,9.19212,42.09628,MEDITERRANEAN,7113.0,2019,8.0
553748,5.04662,46.96229,CONTINENTAL,9647.0,2018,4.0
233134,-2.36629,48.44757,ATLANTIC,963.0,2018,9.0
416836,5.32717,43.96676,MEDITERRANEAN,5412.0,2017,8.0
59490,3.48182,45.0811,CONTINENTAL,1654.0,2017,9.0
589303,3.49845,47.09636,CONTINENTAL,8151.0,2017,1.0
117268,-1.35651,43.35124,ATLANTIC,2126.0,2018,9.0
423195,6.56557,48.21339,CONTINENTAL,8428.0,2018,9.0
809934,7.1283,48.76821,CONTINENTAL,6788.0,2018,12.0
137987,4.8891,49.73624,CONTINENTAL,9204.0,2019,5.0
494952,-0.32939,43.52545,ATLANTIC,10247.0,2019,14.0
602757,7.11673,48.64261,CONTINENTAL,843.0,2017,5.0
1164004,2.169,42.55207,ALPINE,5173.0,2017,8.0
278499,1.85313,45.48176,CONTINENTAL,4238.0,2019,5.0
1343604,2.21072,45.69866,CONTINENTAL,1085.0,2019,8.0
612905,7.097807,43.781933,MEDITERRANEAN,146.0,2021,10.0
1031741,5.12126,43.5093,MEDITERRANEAN,1858.0,2021,9.0
584,4.991745,43.433207,MEDITERRANEAN,7418.0,2018,9.0
374780,4.18293,47.84318,CONTINENTAL,2747.0,2018,9.0
545068,5.34225,48.01707,CONTINENTAL,146.0,2019,8.0
268277,3.642505,44.172859,MEDITERRANEAN,4341.0,2017,8.0
49586,5.14993,47.93186,CONTINENTAL,2747.0,2017,4.0
261226,4.10195,45.41488,CONTINENTAL,960.0,2018,8.0
474210,6.74931,43.66625,MEDITERRANEAN,2474.0,2018,8.0
9694,7.15328,49.03732,CONTINENTAL,7788.0,2018,9.0
1196422,8.98865,42.43364,MEDITERRANEAN,9555.0,2018,8.0
464230,5.689729,43.694339,MEDITERRANEAN,9165.0,2018,8.0
1219509,6.83716,44.7794,ALPINE,7895.0,2019,10.0
889158,2.53748,43.75592,CONTINENTAL,8151.0,2018,9.0
1235127,-0.04733,43.87377,ATLANTIC,9647.0,2018,14.0
347428,-0.41284,44.74689,ATLANTIC,2386.0,2017,9.0
330986,3.69542,44.46699,CONTINENTAL,843.0,2019,8.0
8613,5.60598,43.61686,MEDITERRANEAN,3669.0,2017,8.0
1107358,5.61331,45.90298,CONTINENTAL,2482.0,2018,5.0
943462,2.60132,46.83203,ATLANTIC,4447.0,2018,9.0
1230334,6.00524,44.90931,ALPINE,4997.0,2018,10.0
228132,8.84781,42.26224,MEDITERRANEAN,140.0,2018,1.0
1234041,5.06064,45.16157,CONTINENTAL,10247.0,2017,14.0
439136,5.373834,43.209007,MEDITERRANEAN,6339.0,2019,17.0
1018622,6.019183,43.115531,MEDITERRANEAN,2101.0,2018,9.0
990953,1.69318,43.84409,ATLANTIC,10991.0,2018,12.0
1085196,7.077091,43.779143,MEDITERRANEAN,8441.0,2020,9.0
1388910,5.07062,47.95174,CONTINENTAL,694.0,2017,12.0
165083,5.298834,43.279681,MEDITERRANEAN,6652.0,2017,16.0
474944,0.83077,46.3905,ATLANTIC,7536.0,2018,12.0
215601,-1.05346,44.06298,ATLANTIC,3297.0,2019,8.0
1118862,3.631617,43.728944,MEDITERRANEAN,4003.0,2021,9.0
1301935,1.961078,42.519502,ALPINE,1711.0,2018,8.0
1163657,3.97632,43.76171,MEDITERRANEAN,1910.0,2019,9.0
242585,3.051523,42.889763,MEDITERRANEAN,3115.0,2018,17.0
1243377,1.12304,43.78527,ATLANTIC,10268.0,2017,14.0
20753,4.4285,45.26526,CONTINENTAL,1539.0,2017,5.0
1207793,-1.45254,43.31192,ATLANTIC,3935.0,2018,9.0
1400036,6.9605,47.49583,CONTINENTAL,2398.0,2017,9.0
1084167,-0.92587,49.21575,ATLANTIC,6079.0,2019,10.0
969958,0.28736,47.69584,ATLANTIC,8208.0,2018,9.0
78178,-2.81848,47.8159,ATLANTIC,4498.0,2018,9.0
168764,3.348342,43.272028,MEDITERRANEAN,245.0,2017,17.0
706704,2.0417,43.70177,ATLANTIC,4498.0,2018,12.0
81524,2.09425,43.00099,MEDITERRANEAN,7788.0,2019,8.0
1433128,7.11775,43.820983,MEDITERRANEAN,3387.0,2020,9.0
255835,3.63606,48.42611,CONTINENTAL,3020.0,2018,12.0
293471,5.58825,44.17523,MEDITERRANEAN,6925.0,2018,10.0
1119442,2.49571,46.58032,CONTINENTAL,8151.0,2017,9.0
1191827,5.09799,49.498,CONTINENTAL,843.0,2018,5.0
909132,5.345459,43.222208,MEDITERRANEAN,8785.0,2018,9.0
657266,6.29976,43.2172,MEDITERRANEAN,8579.0,2021,1.0
1251999,2.212806,43.329056,MEDITERRANEAN,5412.0,2021,9.0
1307678,1.58861,49.90447,ATLANTIC,10896.0,2019,5.0
817090,1.88634,44.54641,ATLANTIC,7395.0,2019,9.0
1106434,6.35632,46.88784,CONTINENTAL,9669.0,2017,5.0
671805,1.01517,47.36454,ATLANTIC,8424.0,2018,9.0
972027,1.99212,47.80331,ATLANTIC,1964.0,2017,14.0
312703,5.908895,43.277197,MEDITERRANEAN,2474.0,2020,8.0
1425609,2.71336,47.85717,ATLANTIC,140.0,2018,12.0
199468,7.63315,48.90891,CONTINENTAL,4871.0,2018,8.0
1372891,0.00699,43.15565,ATLANTIC,2474.0,2019,8.0
386411,2.23718,45.26687,CONTINENTAL,2189.0,2018,5.0
277783,7.202508,43.750496,MEDITERRANEAN,2543.0,2021,8.0
1153702,5.52653,44.41104,MEDITERRANEAN,9541.0,2019,8.0
887853,5.31534,49.43889,CONTINENTAL,10385.0,2017,5.0
608671,3.800006,43.640668,MEDITERRANEAN,6883.0,2020,9.0
478445,1.6822,44.79722,ATLANTIC,5412.0,2018,9.0
166301,4.04083,45.91976,CONTINENTAL,1498.0,2019,9.0
313156,2.49555,46.52634,CONTINENTAL,2885.0,2018,9.0
337272,-0.26397,44.8045,ATLANTIC,8208.0,2017,9.0
437428,1.973056,42.864889,ALPINE,8307.0,2017,5.0
460184,6.23845,46.71177,CONTINENTAL,8760.0,2018,5.0
1085379,-0.29492,47.61214,ATLANTIC,8512.0,2019,9.0
731966,7.33812,47.55224,CONTINENTAL,3177.0,2019,8.0
1266512,4.69023,49.63245,CONTINENTAL,5114.0,2019,10.0
308893,5.56575,43.2144,MEDITERRANEAN,5721.0,2021,9.0
1115297,5.7678,45.89837,CONTINENTAL,9669.0,2019,4.0
26124,4.112119,43.615126,MEDITERRANEAN,6491.0,2020,12.0
214770,5.38657,44.14506,MEDITERRANEAN,1539.0,2019,1.0
227280,5.19909,48.34457,CONTINENTAL,1497.0,2017,8.0
759955,1.967944,42.8575,MEDITERRANEAN,8760.0,2017,8.0
663053,4.76706,44.2064,MEDITERRANEAN,8431.0,2020,1.0
759943,1.967944,42.8575,MEDITERRANEAN,6989.0,2017,8.0
116360,7.08654,44.0081,MEDITERRANEAN,10956.0,2019,8.0
689523,5.96304,44.55951,MEDITERRANEAN,963.0,2018,8.0
377632,-0.38761,44.74752,ATLANTIC,10247.0,2018,8.0
479264,3.15307,50.3708,ATLANTIC,1910.0,2017,10.0
538521,5.92593,46.34376,CONTINENTAL,963.0,2019,10.0
965511,3.854573,43.767369,MEDITERRANEAN,5249.0,2021,9.0
691984,1.128,44.72058,ATLANTIC,10268.0,2019,9.0
719124,2.94409,49.33045,ATLANTIC,963.0,2017,4.0
237509,4.74621,47.8869,CONTINENTAL,10839.0,2018,12.0
896892,3.82893,43.81778,MEDITERRANEAN,2539.0,2017,9.0
399471,1.975556,42.865389,ALPINE,6079.0,2017,9.0
1446535,5.549003,43.530571,MEDITERRANEAN,701.0,2017,9.0
77876,0.97178,42.84881,ALPINE,9963.0,2019,8.0
1392345,2.99344,44.58136,CONTINENTAL,10600.0,2019,5.0
112369,6.15046,48.80361,CONTINENTAL,9028.0,2017,4.0
1099778,5.577993,43.243148,MEDITERRANEAN,6560.0,2017,8.0
539148,5.07042,49.49863,CONTINENTAL,10274.0,2017,5.0
493307,2.61646,44.69088,CONTINENTAL,2474.0,2017,4.0
1308575,0.54767,47.88005,ATLANTIC,10268.0,2018,12.0
1191074,3.41442,49.47089,ATLANTIC,3020.0,2018,12.0
295396,-0.17128,44.42872,ATLANTIC,146.0,2017,8.0
935216,4.73315,44.64718,MEDITERRANEAN,9261.0,2017,5.0
1195199,5.596029,43.476056,MEDITERRANEAN,180.0,2018,13.0
559125,6.77164,43.8405,MEDITERRANEAN,7755.0,2019,5.0
97960,4.42444,45.15735,CONTINENTAL,5189.0,2019,5.0
739575,-0.41772,44.33283,ATLANTIC,10255.0,2017,12.0
977998,2.00344,46.00413,CONTINENTAL,1888.0,2017,8.0
587022,3.037941,42.746966,MEDITERRANEAN,5876.0,2018,11.0
1470046,5.21312,45.15772,CONTINENTAL,9647.0,2018,9.0
719230,0.35247,48.0928,ATLANTIC,10247.0,2017,14.0
818490,2.61111,43.59397,CONTINENTAL,6788.0,2018,5.0
1305797,2.28902,44.25956,CONTINENTAL,1888.0,2017,9.0
824045,6.00433,44.9074,ALPINE,6254.0,2018,10.0
1301925,1.961078,42.519502,ALPINE,1288.0,2018,8.0
1355905,0.37755,43.81033,ATLANTIC,7706.0,2018,12.0
1063955,3.245721,44.407677,CONTINENTAL,1889.0,2021,8.0
715789,4.45572,48.64806,CONTINENTAL,8807.0,2017,12.0
1227386,5.82907,48.88546,CONTINENTAL,2885.0,2017,4.0
591158,2.44148,45.51875,CONTINENTAL,661.0,2017,5.0
708977,2.26173,45.95062,CONTINENTAL,7755.0,2018,9.0
590805,-2.72039,48.46895,ATLANTIC,7536.0,2017,12.0
832684,1.7464,45.89511,CONTINENTAL,6989.0,2019,8.0
48816,6.866302,43.582673,MEDITERRANEAN,4617.0,2021,5.0
830021,-0.20774,44.67983,ATLANTIC,10909.0,2017,14.0
741327,-0.69832,45.81969,ATLANTIC,10909.0,2018,14.0
268386,6.64026,45.50797,ALPINE,5400.0,2019,9.0
1241934,-0.06537,47.83307,ATLANTIC,981.0,2019,1.0
174285,4.841799,43.495849,MEDITERRANEAN,7326.0,2017,10.0
264570,4.6165,49.22047,CONTINENTAL,2570.0,2018,5.0
1163658,3.97632,43.76171,MEDITERRANEAN,9873.0,2019,9.0
940960,2.55237,51.08138,ATLANTIC,10763.0,2018,10.0
1042970,2.03444,45.06859,CONTINENTAL,1888.0,2017,8.0
506627,-4.19794,47.92712,ATLANTIC,6643.0,2017,9.0
1287810,4.45578,47.98249,CONTINENTAL,5335.0,2017,4.0
1476697,3.80694,47.77656,CONTINENTAL,6684.0,2017,12.0
813429,6.5389,46.19656,ALPINE,10746.0,2017,5.0
375406,4.79215,49.45069,CONTINENTAL,7788.0,2018,10.0
1078610,-1.21995,48.70362,ATLANTIC,4483.0,2017,14.0
209714,-1.20669,45.71475,ATLANTIC,10274.0,2018,1.0
614365,7.04471,48.44737,CONTINENTAL,1677.0,2017,5.0
767926,4.45249,45.89478,CONTINENTAL,7942.0,2017,8.0
1075015,6.63244,43.76097,MEDITERRANEAN,1276.0,2018,8.0
822347,4.16923,47.44755,CONTINENTAL,10385.0,2017,4.0
1212878,-0.91221,44.21127,ATLANTIC,8330.0,2019,8.0
18510,5.4944,44.28597,MEDITERRANEAN,4238.0,2017,9.0
207898,4.450522,43.459801,MEDITERRANEAN,8027.0,2018,17.0
930146,5.77468,43.53966,MEDITERRANEAN,876.0,2017,8.0
499850,4.85253,49.55729,CONTINENTAL,9647.0,2018,5.0
1340323,3.887579,44.151194,MEDITERRANEAN,2474.0,2017,1.0
30090,2.93431,43.75447,CONTINENTAL,7536.0,2019,5.0
1293946,2.31142,50.05041,ATLANTIC,9493.0,2019,12.0
1119466,5.31685,47.56772,CONTINENTAL,8512.0,2018,12.0
421419,4.1684,44.33419,MEDITERRANEAN,5860.0,2017,9.0
671609,2.51022,42.94723,MEDITERRANEAN,10711.0,2017,5.0
773595,-0.24549,46.04705,ATLANTIC,9647.0,2017,8.0
687694,0.91988,42.97391,ATLANTIC,10956.0,2018,4.0
635071,4.13121,47.10623,CONTINENTAL,2482.0,2019,9.0
219224,5.25858,46.50695,CONTINENTAL,10385.0,2017,9.0
1172647,3.129616,43.149444,MEDITERRANEAN,476.0,2021,13.0
179493,-0.33978,47.71011,ATLANTIC,2885.0,2019,14.0
1082431,0.60552,44.47972,ATLANTIC,694.0,2018,12.0
166322,5.89578,49.4591,CONTINENTAL,10896.0,2019,10.0
1106376,6.35632,46.88784,CONTINENTAL,10427.0,2017,5.0
1096375,-3.01588,47.91517,ATLANTIC,9647.0,2019,14.0
1245182,6.26974,46.06211,ALPINE,2025.0,2018,9.0
449504,5.0965,48.95863,CONTINENTAL,9963.0,2019,12.0
945188,2.998771,43.605415,MEDITERRANEAN,7755.0,2020,9.0
1294579,4.61232,44.77572,MEDITERRANEAN,10711.0,2018,5.0
1118,5.81338,46.61743,CONTINENTAL,7750.0,2019,5.0
541730,3.24219,44.39972,CONTINENTAL,1539.0,2019,9.0
1101353,5.028597,43.338373,MEDITERRANEAN,3255.0,2017,10.0
1008484,3.726205,43.666936,MEDITERRANEAN,10305.0,2021,9.0
1102941,1.84458,49.313,ATLANTIC,10385.0,2019,12.0
401745,6.0528,43.089957,MEDITERRANEAN,9348.0,2019,11.0
416738,7.154228,43.655693,MEDITERRANEAN,8243.0,2021,13.0
462969,1.07267,44.93585,ATLANTIC,7748.0,2018,9.0
995086,1.39724,46.72051,ATLANTIC,581.0,2019,9.0
364720,3.53391,49.86496,ATLANTIC,8151.0,2018,12.0
1245196,6.26974,46.06211,ALPINE,10145.0,2018,9.0
141948,6.46796,49.02699,CONTINENTAL,6788.0,2017,4.0
1027431,1.83742,50.04939,ATLANTIC,7788.0,2017,12.0
30500,3.28388,46.8824,CONTINENTAL,8858.0,2017,9.0
1108118,2.43875,44.02575,ATLANTIC,2474.0,2018,9.0
675436,0.24385,43.39424,ATLANTIC,963.0,2018,4.0
528306,6.55089,46.01591,ALPINE,5745.0,2018,5.0
164295,1.01038,44.35944,ATLANTIC,694.0,2018,14.0
1199083,0.60123,45.43333,ATLANTIC,6331.0,2019,4.0
1249665,-0.40374,44.04527,ATLANTIC,2474.0,2019,1.0
287676,2.57458,51.06474,ATLANTIC,1545.0,2020,12.0
660320,5.56676,46.42659,CONTINENTAL,2142.0,2017,9.0
1343606,2.21072,45.69866,CONTINENTAL,5071.0,2019,8.0
19633,4.45878,45.39067,CONTINENTAL,1888.0,2019,8.0
375196,5.615595,43.243792,MEDITERRANEAN,5483.0,2017,8.0
1481795,3.2925,47.36814,CONTINENTAL,10247.0,2018,9.0
245232,6.19772,47.97397,CONTINENTAL,10247.0,2018,8.0
76253,0.04156,42.90475,ALPINE,9374.0,2018,8.0
1365113,6.50692,43.1582,MEDITERRANEAN,11147.0,2020,17.0
1001464,2.05601,45.82433,CONTINENTAL,5071.0,2019,8.0
26916,-1.51013,43.43583,ATLANTIC,6331.0,2017,9.0
152046,7.417005,43.945987,ALPINE,2177.0,2018,8.0
937578,3.7223,44.53861,CONTINENTAL,963.0,2017,8.0
1204696,2.39403,49.13431,ATLANTIC,8424.0,2018,10.0
1145336,5.48839,44.17816,MEDITERRANEAN,8573.0,2019,10.0
139062,1.18731,44.2895,ATLANTIC,6226.0,2018,14.0
